#include "lvgl.h"

#ifndef LV_ATTRIBUTE_MEM_ALIGN
#define LV_ATTRIBUTE_MEM_ALIGN
#endif

#ifndef LV_ATTRIBUTE_IMG_MUSIC_IMG
#define LV_ATTRIBUTE_IMG_MUSIC_IMG
#endif

const LV_ATTRIBUTE_MEM_ALIGN LV_ATTRIBUTE_LARGE_CONST LV_ATTRIBUTE_IMG_MUSIC_IMG uint8_t music_img_map[] = {
#if LV_COLOR_DEPTH == 1 || LV_COLOR_DEPTH == 8
  /*Pixel format: Alpha 8 bit, Red: 3 bit, Green: 3 bit, Blue: 2 bit*/
  0xff, 0xff, 0xff, 0xff, 0xff, 0xff, 0xff, 0xff, 0xff, 0xff, 0xff, 0xff, 0xff, 0xff, 0xff, 0xff, 
  0xff, 0xff, 0xff, 0xff, 0xff, 0xff, 0xff, 0xff, 0xff, 0xff, 0xff, 0xff, 0xff, 0xff, 0xff, 0xff, 
  0xff, 0xff, 0xff, 0xff, 0xff, 0xff, 0xff, 0xff, 0xff, 0xff, 0xff, 0xff, 0xff, 0xff, 0xff, 0xff, 
  0xff, 0xff, 0xff, 0xff, 0xff, 0xff, 0xff, 0xff, 0xff, 0xff, 0xff, 0xff, 0xff, 0xff, 0xff, 0xff, 
  0xff, 0xff, 0xff, 0xff, 0xff, 0xff, 0xff, 0xff, 0xff, 0xff, 0xff, 0xff, 0xff, 0xff, 0xff, 0xff, 
  0xff, 0xff, 0xff, 0xff, 0xff, 0xff, 0xff, 0xff, 0xff, 0xff, 0xff, 0xff, 0xff, 0xff, 0xff, 0xff, 
  0xff, 0xff, 0xff, 0xff, 0xff, 0xff, 0xff, 0xff, 0xff, 0xff, 0xff, 0xff, 0xff, 0xff, 0xff, 0xff, 
  0xff, 0xff, 0xff, 0xff, 0xff, 0xff, 0xff, 0xff, 0xff, 0xff, 0xff, 0xff, 0xff, 0xff, 0xff, 0xff, 
  0xff, 0xff, 0xff, 0xff, 0xff, 0xff, 0xff, 0xff, 0xff, 0xff, 0xff, 0xff, 0xff, 0xff, 0xff, 0xff, 
  0xff, 0xff, 0xff, 0xff, 0xff, 0xff, 0xff, 0xff, 0xff, 0xff, 0xff, 0xff, 0xff, 0xff, 0xff, 0xff, 
  0xff, 0xff, 0xff, 0xff, 0xff, 0xff, 0xff, 0xff, 0xff, 0xff, 0xff, 0xff, 0xff, 0xff, 0xff, 0xff, 
  0xff, 0xff, 0xff, 0xff, 0xff, 0xff, 0xff, 0xff, 0xff, 0xff, 0xff, 0xff, 0xff, 0xff, 0xff, 0xff, 
  0xff, 0xff, 0xff, 0xff, 0xff, 0xff, 0xff, 0xff, 0xff, 0xff, 0xff, 0xff, 0xff, 0xff, 0xff, 0xff, 
  0xff, 0xff, 0xff, 0xff, 0xff, 0xff, 0xff, 0xff, 0xff, 0xff, 0xff, 0xff, 0xff, 0xff, 0xff, 0xff, 
  0xff, 0xff, 0xff, 0xff, 0xff, 0xff, 0xff, 0xff, 0xff, 0xff, 0xff, 0xff, 0xff, 0xff, 0xff, 0xff, 
  0xff, 0xff, 0xff, 0xff, 0xff, 0xff, 0xff, 0xff, 0xff, 0xff, 0xff, 0xff, 0xff, 0xff, 0xff, 0xff, 
  0xff, 0xff, 0xff, 0xff, 0xff, 0xff, 0xff, 0xff, 0xff, 0xff, 0xff, 0xff, 0xff, 0xff, 0xff, 0xff, 
  0xff, 0xff, 0xff, 0xff, 0xff, 0xff, 0xff, 0xff, 0xff, 0xff, 0xff, 0xff, 0xff, 0xff, 0xff, 0xff, 
  0xff, 0xff, 0xff, 0xff, 0xff, 0xff, 0xff, 0xff, 0xff, 0xff, 0xff, 0xff, 0xff, 0xff, 0xff, 0xff, 
  0xff, 0xff, 0xff, 0xff, 0xff, 0xff, 0xff, 0xff, 0xff, 0xff, 0xff, 0xff, 0xff, 0xff, 0xff, 0xff, 
  0xff, 0xff, 0xff, 0xff, 0xf6, 0xff, 0xf2, 0xff, 0xed, 0xff, 0xe9, 0xff, 0xe9, 0xff, 0xe9, 0xff, 
  0xe9, 0xff, 0xe9, 0xff, 0xe9, 0xff, 0xed, 0xff, 0xf2, 0xff, 0xf6, 0xff, 0xff, 0xff, 0xff, 0xff, 
  0xff, 0xff, 0xff, 0xff, 0xff, 0xff, 0xff, 0xff, 0xff, 0xff, 0xff, 0xff, 0xff, 0xff, 0xff, 0xff, 
  0xff, 0xff, 0xff, 0xff, 0xff, 0xff, 0xff, 0xff, 0xff, 0xff, 0xff, 0xff, 0xff, 0xff, 0xff, 0xff, 
  0xff, 0xff, 0xff, 0xff, 0xff, 0xff, 0xff, 0xff, 0xff, 0xff, 0xff, 0xff, 0xff, 0xff, 0xff, 0xff, 
  0xff, 0xff, 0xff, 0xff, 0xff, 0xff, 0xff, 0xff, 0xff, 0xff, 0xff, 0xff, 0xff, 0xff, 0xfb, 0xff, 
  0xee, 0xff, 0xe9, 0xff, 0xe4, 0xff, 0xe4, 0xff, 0xe4, 0xff, 0xe4, 0xff, 0xe4, 0xff, 0xe4, 0xff, 
  0xe4, 0xff, 0xe4, 0xff, 0xe4, 0xff, 0xe4, 0xff, 0xe4, 0xff, 0xe4, 0xff, 0xe9, 0xff, 0xee, 0xff, 
  0xfb, 0xff, 0xff, 0xff, 0xff, 0xff, 0xff, 0xff, 0xff, 0xff, 0xff, 0xff, 0xff, 0xff, 0xff, 0xff, 
  0xff, 0xff, 0xff, 0xff, 0xff, 0xff, 0xff, 0xff, 0xff, 0xff, 0xff, 0xff, 0xff, 0xff, 0xff, 0xff, 
  0xff, 0xff, 0xff, 0xff, 0xff, 0xff, 0xff, 0xff, 0xff, 0xff, 0xff, 0xff, 0xff, 0xff, 0xff, 0xff, 
  0xff, 0xff, 0xff, 0xff, 0xff, 0xff, 0xff, 0xff, 0xff, 0xff, 0xfb, 0xff, 0xed, 0xff, 0xe4, 0xff, 
  0xe4, 0xff, 0xe4, 0xff, 0xe5, 0xff, 0xe5, 0xff, 0xe5, 0xff, 0xe5, 0xff, 0xe5, 0xff, 0xe5, 0xff, 
  0xe5, 0xff, 0xe5, 0xff, 0xe5, 0xff, 0xe5, 0xff, 0xe5, 0xff, 0xe5, 0xff, 0xe4, 0xff, 0xe4, 0xff, 
  0xe4, 0xff, 0xed, 0xff, 0xfb, 0xff, 0xff, 0xff, 0xff, 0xff, 0xff, 0xff, 0xff, 0xff, 0xff, 0xff, 
  0xff, 0xff, 0xff, 0xff, 0xff, 0xff, 0xff, 0xff, 0xff, 0xff, 0xff, 0xff, 0xff, 0xff, 0xff, 0xff, 
  0xff, 0xff, 0xff, 0xff, 0xff, 0xff, 0xff, 0xff, 0xff, 0xff, 0xff, 0xff, 0xff, 0xff, 0xff, 0xff, 
  0xff, 0xff, 0xff, 0xff, 0xff, 0xff, 0xff, 0xff, 0xf2, 0xff, 0xe4, 0xff, 0xe4, 0xff, 0xe5, 0xff, 
  0xe5, 0xff, 0xe5, 0xff, 0xe5, 0xff, 0xe5, 0xff, 0xe5, 0xff, 0xe5, 0xff, 0xe5, 0xff, 0xe5, 0xff, 
  0xe5, 0xff, 0xe5, 0xff, 0xe5, 0xff, 0xe5, 0xff, 0xe5, 0xff, 0xe5, 0xff, 0xe5, 0xff, 0xe5, 0xff, 
  0xe5, 0xff, 0xe4, 0xff, 0xe4, 0xff, 0xf2, 0xff, 0xff, 0xff, 0xff, 0xff, 0xff, 0xff, 0xff, 0xff, 
  0xff, 0xff, 0xff, 0xff, 0xff, 0xff, 0xff, 0xff, 0xff, 0xff, 0xff, 0xff, 0xff, 0xff, 0xff, 0xff, 
  0xff, 0xff, 0xff, 0xff, 0xff, 0xff, 0xff, 0xff, 0xff, 0xff, 0xff, 0xff, 0xff, 0xff, 0xff, 0xff, 
  0xff, 0xff, 0xff, 0xff, 0xfb, 0xff, 0xe9, 0xff, 0xe4, 0xff, 0xe5, 0xff, 0xe5, 0xff, 0xe5, 0xff, 
  0xe5, 0xff, 0xe5, 0xff, 0xe5, 0xff, 0xe5, 0xff, 0xe5, 0xff, 0xe5, 0xff, 0xe5, 0xff, 0xe5, 0xff, 
  0xe5, 0xff, 0xe5, 0xff, 0xe5, 0xff, 0xe5, 0xff, 0xe5, 0xff, 0xe5, 0xff, 0xe5, 0xff, 0xe5, 0xff, 
  0xe5, 0xff, 0xe5, 0xff, 0xe5, 0xff, 0xe4, 0xff, 0xe9, 0xff, 0xfb, 0xff, 0xff, 0xff, 0xff, 0xff, 
  0xff, 0xff, 0xff, 0xff, 0xff, 0xff, 0xff, 0xff, 0xff, 0xff, 0xff, 0xff, 0xff, 0xff, 0xff, 0xff, 
  0xff, 0xff, 0xff, 0xff, 0xff, 0xff, 0xff, 0xff, 0xff, 0xff, 0xff, 0xff, 0xff, 0xff, 0xff, 0xff, 
  0xff, 0xff, 0xfb, 0xff, 0xe5, 0xff, 0xe4, 0xff, 0xe5, 0xff, 0xe5, 0xff, 0xe5, 0xff, 0xe5, 0xff, 
  0xe5, 0xff, 0xe5, 0xff, 0xe5, 0xff, 0xe5, 0xff, 0xe5, 0xff, 0xe5, 0xff, 0xe5, 0xff, 0xe5, 0xff, 
  0xe5, 0xff, 0xe5, 0xff, 0xe5, 0xff, 0xe5, 0xff, 0xe5, 0xff, 0xe5, 0xff, 0xe5, 0xff, 0xe5, 0xff, 
  0xe5, 0xff, 0xe5, 0xff, 0xe5, 0xff, 0xe5, 0xff, 0xe4, 0xff, 0xe5, 0xff, 0xfb, 0xff, 0xff, 0xff, 
  0xff, 0xff, 0xff, 0xff, 0xff, 0xff, 0xff, 0xff, 0xff, 0xff, 0xff, 0xff, 0xff, 0xff, 0xff, 0xff, 
  0xff, 0xff, 0xff, 0xff, 0xff, 0xff, 0xff, 0xff, 0xff, 0xff, 0xff, 0xff, 0xff, 0xff, 0xff, 0xff, 
  0xfb, 0xff, 0xe4, 0xff, 0xe4, 0xff, 0xe5, 0xff, 0xe5, 0xff, 0xe5, 0xff, 0xe5, 0xff, 0xe5, 0xff, 
  0xe5, 0xff, 0xe5, 0xff, 0xe5, 0xff, 0xe5, 0xff, 0xe5, 0xff, 0xe5, 0xff, 0xe5, 0xff, 0xe5, 0xff, 
  0xe5, 0xff, 0xe5, 0xff, 0xe5, 0xff, 0xe5, 0xff, 0xe5, 0xff, 0xe5, 0xff, 0xe5, 0xff, 0xe5, 0xff, 
  0xe5, 0xff, 0xe5, 0xff, 0xe5, 0xff, 0xe5, 0xff, 0xe5, 0xff, 0xe4, 0xff, 0xe4, 0xff, 0xfb, 0xff, 
  0xff, 0xff, 0xff, 0xff, 0xff, 0xff, 0xff, 0xff, 0xff, 0xff, 0xff, 0xff, 0xff, 0xff, 0xff, 0xff, 
  0xff, 0xff, 0xff, 0xff, 0xff, 0xff, 0xff, 0xff, 0xff, 0xff, 0xff, 0xff, 0xff, 0xff, 0xfb, 0xff, 
  0xe5, 0xff, 0xe4, 0xff, 0xe5, 0xff, 0xe5, 0xff, 0xe5, 0xff, 0xe5, 0xff, 0xe5, 0xff, 0xe5, 0xff, 
  0xe5, 0xff, 0xe5, 0xff, 0xe5, 0xff, 0xe5, 0xff, 0xe5, 0xff, 0xe5, 0xff, 0xe5, 0xff, 0xe5, 0xff, 
  0xe5, 0xff, 0xe5, 0xff, 0xe5, 0xff, 0xe4, 0xff, 0xe4, 0xff, 0xe4, 0xff, 0xe4, 0xff, 0xe4, 0xff, 
  0xe5, 0xff, 0xe5, 0xff, 0xe5, 0xff, 0xe5, 0xff, 0xe5, 0xff, 0xe5, 0xff, 0xe4, 0xff, 0xe5, 0xff, 
  0xfb, 0xff, 0xff, 0xff, 0xff, 0xff, 0xff, 0xff, 0xff, 0xff, 0xff, 0xff, 0xff, 0xff, 0xff, 0xff, 
  0xff, 0xff, 0xff, 0xff, 0xff, 0xff, 0xff, 0xff, 0xff, 0xff, 0xff, 0xff, 0xff, 0xff, 0xe9, 0xff, 
  0xe4, 0xff, 0xe5, 0xff, 0xe5, 0xff, 0xe5, 0xff, 0xe5, 0xff, 0xe5, 0xff, 0xe5, 0xff, 0xe5, 0xff, 
  0xe5, 0xff, 0xe5, 0xff, 0xe5, 0xff, 0xe5, 0xff, 0xe5, 0xff, 0xe5, 0xff, 0xe4, 0xff, 0xe4, 0xff, 
  0xe4, 0xff, 0xe4, 0xff, 0xe4, 0xff, 0xe5, 0xff, 0xe9, 0xff, 0xed, 0xff, 0xf2, 0xff, 0xed, 0xff, 
  0xe4, 0xff, 0xe5, 0xff, 0xe5, 0xff, 0xe5, 0xff, 0xe5, 0xff, 0xe5, 0xff, 0xe5, 0xff, 0xe4, 0xff, 
  0xe9, 0xff, 0xff, 0xff, 0xff, 0xff, 0xff, 0xff, 0xff, 0xff, 0xff, 0xff, 0xff, 0xff, 0xff, 0xff, 
  0xff, 0xff, 0xff, 0xff, 0xff, 0xff, 0xff, 0xff, 0xff, 0xff, 0xff, 0xff, 0xf2, 0xff, 0xe4, 0xff, 
  0xe5, 0xff, 0xe5, 0xff, 0xe5, 0xff, 0xe5, 0xff, 0xe5, 0xff, 0xe5, 0xff, 0xe5, 0xff, 0xe5, 0xff, 
  0xe5, 0xff, 0xe5, 0xff, 0xe4, 0xff, 0xe4, 0xff, 0xe4, 0xff, 0xe4, 0xff, 0xe9, 0xff, 0xe9, 0xff, 
  0xed, 0xff, 0xf2, 0xff, 0xf6, 0xff, 0xfb, 0xff, 0xff, 0xff, 0xff, 0xff, 0xff, 0xff, 0xf6, 0xff, 
  0xe4, 0xff, 0xe5, 0xff, 0xe5, 0xff, 0xe5, 0xff, 0xe5, 0xff, 0xe5, 0xff, 0xe5, 0xff, 0xe5, 0xff, 
  0xe4, 0xff, 0xf2, 0xff, 0xff, 0xff, 0xff, 0xff, 0xff, 0xff, 0xff, 0xff, 0xff, 0xff, 0xff, 0xff, 
  0xff, 0xff, 0xff, 0xff, 0xff, 0xff, 0xff, 0xff, 0xff, 0xff, 0xfb, 0xff, 0xe4, 0xff, 0xe5, 0xff, 
  0xe5, 0xff, 0xe5, 0xff, 0xe5, 0xff, 0xe5, 0xff, 0xe5, 0xff, 0xe5, 0xff, 0xe5, 0xff, 0xe5, 0xff, 
  0xe5, 0xff, 0xe5, 0xff, 0xe9, 0xff, 0xee, 0xff, 0xf2, 0xff, 0xf7, 0xff, 0xfb, 0xff, 0xff, 0xff, 
  0xff, 0xff, 0xff, 0xff, 0xff, 0xff, 0xff, 0xff, 0xff, 0xff, 0xff, 0xff, 0xff, 0xff, 0xf6, 0xff, 
  0xe4, 0xff, 0xe5, 0xff, 0xe5, 0xff, 0xe5, 0xff, 0xe5, 0xff, 0xe5, 0xff, 0xe5, 0xff, 0xe5, 0xff, 
  0xe5, 0xff, 0xe4, 0xff, 0xfb, 0xff, 0xff, 0xff, 0xff, 0xff, 0xff, 0xff, 0xff, 0xff, 0xff, 0xff, 
  0xff, 0xff, 0xff, 0xff, 0xff, 0xff, 0xff, 0xff, 0xff, 0xff, 0xed, 0xff, 0xe4, 0xff, 0xe5, 0xff, 
  0xe5, 0xff, 0xe5, 0xff, 0xe5, 0xff, 0xe5, 0xff, 0xe5, 0xff, 0xe5, 0xff, 0xe5, 0xff, 0xe5, 0xff, 
  0xe4, 0xff, 0xe9, 0xff, 0xff, 0xff, 0xff, 0xff, 0xff, 0xff, 0xff, 0xff, 0xff, 0xff, 0xff, 0xff, 
  0xff, 0xff, 0xff, 0xff, 0xff, 0xff, 0xff, 0xff, 0xff, 0xff, 0xff, 0xff, 0xff, 0xff, 0xf6, 0xff, 
  0xe4, 0xff, 0xe5, 0xff, 0xe5, 0xff, 0xe5, 0xff, 0xe5, 0xff, 0xe5, 0xff, 0xe5, 0xff, 0xe5, 0xff, 
  0xe5, 0xff, 0xe4, 0xff, 0xed, 0xff, 0xff, 0xff, 0xff, 0xff, 0xff, 0xff, 0xff, 0xff, 0xff, 0xff, 
  0xff, 0xff, 0xff, 0xff, 0xff, 0xff, 0xff, 0xff, 0xfb, 0xff, 0xe4, 0xff, 0xe5, 0xff, 0xe5, 0xff, 
  0xe5, 0xff, 0xe5, 0xff, 0xe5, 0xff, 0xe5, 0xff, 0xe5, 0xff, 0xe5, 0xff, 0xe5, 0xff, 0xe5, 0xff, 
  0xe4, 0xff, 0xed, 0xff, 0xff, 0xff, 0xff, 0xff, 0xff, 0xff, 0xff, 0xff, 0xff, 0xff, 0xff, 0xff, 
  0xff, 0xff, 0xff, 0xff, 0xff, 0xff, 0xff, 0xff, 0xff, 0xff, 0xff, 0xff, 0xff, 0xff, 0xf6, 0xff, 
  0xe4, 0xff, 0xe5, 0xff, 0xe5, 0xff, 0xe5, 0xff, 0xe5, 0xff, 0xe5, 0xff, 0xe5, 0xff, 0xe5, 0xff, 
  0xe5, 0xff, 0xe5, 0xff, 0xe4, 0xff, 0xfb, 0xff, 0xff, 0xff, 0xff, 0xff, 0xff, 0xff, 0xff, 0xff, 
  0xff, 0xff, 0xff, 0xff, 0xff, 0xff, 0xff, 0xff, 0xee, 0xff, 0xe4, 0xff, 0xe5, 0xff, 0xe5, 0xff, 
  0xe5, 0xff, 0xe5, 0xff, 0xe5, 0xff, 0xe5, 0xff, 0xe5, 0xff, 0xe5, 0xff, 0xe5, 0xff, 0xe5, 0xff, 
  0xe4, 0xff, 0xed, 0xff, 0xff, 0xff, 0xff, 0xff, 0xff, 0xff, 0xff, 0xff, 0xff, 0xff, 0xff, 0xff, 
  0xff, 0xff, 0xff, 0xff, 0xff, 0xff, 0xff, 0xff, 0xff, 0xff, 0xff, 0xff, 0xff, 0xff, 0xf6, 0xff, 
  0xe4, 0xff, 0xe5, 0xff, 0xe5, 0xff, 0xe5, 0xff, 0xe5, 0xff, 0xe5, 0xff, 0xe5, 0xff, 0xe5, 0xff, 
  0xe5, 0xff, 0xe5, 0xff, 0xe4, 0xff, 0xed, 0xff, 0xff, 0xff, 0xff, 0xff, 0xff, 0xff, 0xff, 0xff, 
  0xff, 0xff, 0xff, 0xff, 0xff, 0xff, 0xff, 0xff, 0xe9, 0xff, 0xe5, 0xff, 0xe9, 0xff, 0xe5, 0xff, 
  0xe9, 0xff, 0xe9, 0xff, 0xe5, 0xff, 0xe5, 0xff, 0xe5, 0xff, 0xe5, 0xff, 0xe5, 0xff, 0xe5, 0xff, 
  0xe4, 0xff, 0xed, 0xff, 0xff, 0xff, 0xff, 0xff, 0xff, 0xff, 0xff, 0xff, 0xff, 0xff, 0xff, 0xff, 
  0xff, 0xff, 0xfb, 0xff, 0xf6, 0xff, 0xd2, 0xff, 0xcd, 0xff, 0xc9, 0xff, 0xfb, 0xff, 0xf6, 0xff, 
  0xe4, 0xff, 0xe5, 0xff, 0xe5, 0xff, 0xe5, 0xff, 0xe5, 0xff, 0xe5, 0xff, 0xe5, 0xff, 0xe5, 0xff, 
  0xe5, 0xff, 0xe5, 0xff, 0xe5, 0xff, 0xe9, 0xff, 0xff, 0xff, 0xff, 0xff, 0xff, 0xff, 0xff, 0xff, 
  0xff, 0xff, 0xff, 0xff, 0xff, 0xff, 0xf6, 0xff, 0xe4, 0xff, 0xe9, 0xff, 0xe9, 0xff, 0xe5, 0xff, 
  0xe5, 0xff, 0xe5, 0xff, 0xe5, 0xff, 0xe5, 0xff, 0xe5, 0xff, 0xe5, 0xff, 0xe5, 0xff, 0xe5, 0xff, 
  0xe4, 0xff, 0xed, 0xff, 0xff, 0xff, 0xff, 0xff, 0xfb, 0xff, 0xf6, 0xff, 0xd2, 0xff, 0xcd, 0xff, 
  0xc9, 0xff, 0xc4, 0xff, 0xc4, 0xff, 0xe4, 0xff, 0xe4, 0xff, 0xe4, 0xff, 0xfb, 0xff, 0xf6, 0xff, 
  0xe4, 0xff, 0xe5, 0xff, 0xe5, 0xff, 0xe5, 0xff, 0xe5, 0xff, 0xe5, 0xff, 0xe5, 0xff, 0xe5, 0xff, 
  0xe5, 0xff, 0xe5, 0xff, 0xe9, 0xff, 0xe4, 0xff, 0xf6, 0xff, 0xff, 0xff, 0xff, 0xff, 0xff, 0xff, 
  0xff, 0xff, 0xff, 0xff, 0xff, 0xff, 0xf2, 0xff, 0xe4, 0xff, 0xe5, 0xff, 0xe5, 0xff, 0xe5, 0xff, 
  0xe5, 0xff, 0xe5, 0xff, 0xe5, 0xff, 0xe5, 0xff, 0xe5, 0xff, 0xe5, 0xff, 0xe5, 0xff, 0xe5, 0xff, 
  0xe4, 0xff, 0xed, 0xff, 0xff, 0xff, 0xcd, 0xff, 0xc4, 0xff, 0xc4, 0xff, 0xe4, 0xff, 0xe4, 0xff, 
  0xe4, 0xff, 0xe5, 0xff, 0xe5, 0xff, 0xe5, 0xff, 0xe5, 0xff, 0xe4, 0xff, 0xfb, 0xff, 0xf6, 0xff, 
  0xe4, 0xff, 0xe5, 0xff, 0xe5, 0xff, 0xe5, 0xff, 0xe5, 0xff, 0xe5, 0xff, 0xe5, 0xff, 0xe5, 0xff, 
  0xe5, 0xff, 0xe5, 0xff, 0xe5, 0xff, 0xe4, 0xff, 0xf2, 0xff, 0xff, 0xff, 0xff, 0xff, 0xff, 0xff, 
  0xff, 0xff, 0xff, 0xff, 0xff, 0xff, 0xed, 0xff, 0xe4, 0xff, 0xe5, 0xff, 0xe5, 0xff, 0xe5, 0xff, 
  0xe5, 0xff, 0xe5, 0xff, 0xe5, 0xff, 0xe5, 0xff, 0xe5, 0xff, 0xe5, 0xff, 0xe5, 0xff, 0xe5, 0xff, 
  0xe4, 0xff, 0xed, 0xff, 0xff, 0xff, 0xe9, 0xff, 0xe4, 0xff, 0xe5, 0xff, 0xe5, 0xff, 0xe5, 0xff, 
  0xe5, 0xff, 0xe5, 0xff, 0xe5, 0xff, 0xe5, 0xff, 0xe5, 0xff, 0xe4, 0xff, 0xfb, 0xff, 0xf6, 0xff, 
  0xe4, 0xff, 0xe5, 0xff, 0xe5, 0xff, 0xe5, 0xff, 0xe5, 0xff, 0xe5, 0xff, 0xe5, 0xff, 0xe5, 0xff, 
  0xe5, 0xff, 0xe5, 0xff, 0xe5, 0xff, 0xe4, 0xff, 0xed, 0xff, 0xff, 0xff, 0xff, 0xff, 0xff, 0xff, 
  0xff, 0xff, 0xff, 0xff, 0xff, 0xff, 0xe9, 0xff, 0xe4, 0xff, 0xe5, 0xff, 0xe5, 0xff, 0xe5, 0xff, 
  0xe5, 0xff, 0xe5, 0xff, 0xe5, 0xff, 0xe5, 0xff, 0xe5, 0xff, 0xe5, 0xff, 0xe5, 0xff, 0xe5, 0xff, 
  0xe4, 0xff, 0xed, 0xff, 0xff, 0xff, 0xed, 0xff, 0xe4, 0xff, 0xe5, 0xff, 0xe5, 0xff, 0xe5, 0xff, 
  0xe5, 0xff, 0xe5, 0xff, 0xe5, 0xff, 0xe5, 0xff, 0xe5, 0xff, 0xe4, 0xff, 0xfb, 0xff, 0xf6, 0xff, 
  0xe4, 0xff, 0xe5, 0xff, 0xe5, 0xff, 0xe5, 0xff, 0xe5, 0xff, 0xe5, 0xff, 0xe5, 0xff, 0xe5, 0xff, 
  0xe5, 0xff, 0xe5, 0xff, 0xe5, 0xff, 0xe4, 0xff, 0xe9, 0xff, 0xff, 0xff, 0xff, 0xff, 0xff, 0xff, 
  0xff, 0xff, 0xff, 0xff, 0xff, 0xff, 0xe9, 0xff, 0xe4, 0xff, 0xe5, 0xff, 0xe5, 0xff, 0xe5, 0xff, 
  0xe5, 0xff, 0xe5, 0xff, 0xe5, 0xff, 0xe5, 0xff, 0xe5, 0xff, 0xe5, 0xff, 0xe5, 0xff, 0xe5, 0xff, 
  0xe4, 0xff, 0xed, 0xff, 0xff, 0xff, 0xe9, 0xff, 0xe4, 0xff, 0xe5, 0xff, 0xe5, 0xff, 0xe5, 0xff, 
  0xe5, 0xff, 0xe5, 0xff, 0xe5, 0xff, 0xe5, 0xff, 0xe5, 0xff, 0xe4, 0xff, 0xfb, 0xff, 0xf6, 0xff, 
  0xe4, 0xff, 0xe5, 0xff, 0xe5, 0xff, 0xe5, 0xff, 0xe5, 0xff, 0xe5, 0xff, 0xe5, 0xff, 0xe5, 0xff, 
  0xe5, 0xff, 0xe5, 0xff, 0xe5, 0xff, 0xe4, 0xff, 0xe9, 0xff, 0xff, 0xff, 0xff, 0xff, 0xff, 0xff, 
  0xff, 0xff, 0xff, 0xff, 0xff, 0xff, 0xe9, 0xff, 0xe4, 0xff, 0xe5, 0xff, 0xe5, 0xff, 0xe5, 0xff, 
  0xe5, 0xff, 0xe5, 0xff, 0xe5, 0xff, 0xe5, 0xff, 0xe5, 0xff, 0xe5, 0xff, 0xe5, 0xff, 0xe5, 0xff, 
  0xe4, 0xff, 0xed, 0xff, 0xff, 0xff, 0xe9, 0xff, 0xe4, 0xff, 0xe5, 0xff, 0xe5, 0xff, 0xe5, 0xff, 
  0xe5, 0xff, 0xe5, 0xff, 0xe5, 0xff, 0xe5, 0xff, 0xe5, 0xff, 0xe4, 0xff, 0xfb, 0xff, 0xf6, 0xff, 
  0xe4, 0xff, 0xe5, 0xff, 0xe5, 0xff, 0xe5, 0xff, 0xe5, 0xff, 0xe5, 0xff, 0xe5, 0xff, 0xe5, 0xff, 
  0xe5, 0xff, 0xe5, 0xff, 0xe5, 0xff, 0xe4, 0xff, 0xe5, 0xff, 0xff, 0xff, 0xff, 0xff, 0xff, 0xff, 
  0xff, 0xff, 0xff, 0xff, 0xff, 0xff, 0xe9, 0xff, 0xe4, 0xff, 0xe5, 0xff, 0xe5, 0xff, 0xe5, 0xff, 
  0xe5, 0xff, 0xe5, 0xff, 0xe5, 0xff, 0xe5, 0xff, 0xe5, 0xff, 0xe5, 0xff, 0xe5, 0xff, 0xe5, 0xff, 
  0xe4, 0xff, 0xed, 0xff, 0xff, 0xff, 0xe9, 0xff, 0xe4, 0xff, 0xe5, 0xff, 0xe5, 0xff, 0xe5, 0xff, 
  0xe5, 0xff, 0xe5, 0xff, 0xe5, 0xff, 0xe5, 0xff, 0xe5, 0xff, 0xe4, 0xff, 0xfb, 0xff, 0xf6, 0xff, 
  0xe4, 0xff, 0xe5, 0xff, 0xe5, 0xff, 0xe5, 0xff, 0xe5, 0xff, 0xe5, 0xff, 0xe5, 0xff, 0xe5, 0xff, 
  0xe5, 0xff, 0xe5, 0xff, 0xe5, 0xff, 0xe4, 0xff, 0xe5, 0xff, 0xff, 0xff, 0xff, 0xff, 0xff, 0xff, 
  0xff, 0xff, 0xff, 0xff, 0xff, 0xff, 0xe9, 0xff, 0xe4, 0xff, 0xe5, 0xff, 0xe5, 0xff, 0xe5, 0xff, 
  0xe5, 0xff, 0xe5, 0xff, 0xe5, 0xff, 0xe5, 0xff, 0xe5, 0xff, 0xe5, 0xff, 0xe5, 0xff, 0xe5, 0xff, 
  0xe4, 0xff, 0xed, 0xff, 0xff, 0xff, 0xe9, 0xff, 0xe4, 0xff, 0xe5, 0xff, 0xe5, 0xff, 0xe5, 0xff, 
  0xe5, 0xff, 0xe5, 0xff, 0xe5, 0xff, 0xe5, 0xff, 0xe5, 0xff, 0xe4, 0xff, 0xfb, 0xff, 0xf6, 0xff, 
  0xe4, 0xff, 0xe5, 0xff, 0xe5, 0xff, 0xe5, 0xff, 0xe5, 0xff, 0xe5, 0xff, 0xe5, 0xff, 0xe5, 0xff, 
  0xe5, 0xff, 0xe5, 0xff, 0xe5, 0xff, 0xe4, 0xff, 0xe9, 0xff, 0xff, 0xff, 0xff, 0xff, 0xff, 0xff, 
  0xff, 0xff, 0xff, 0xff, 0xff, 0xff, 0xe9, 0xff, 0xe4, 0xff, 0xe5, 0xff, 0xe5, 0xff, 0xe5, 0xff, 
  0xe5, 0xff, 0xe5, 0xff, 0xe5, 0xff, 0xe5, 0xff, 0xe5, 0xff, 0xe5, 0xff, 0xe5, 0xff, 0xe5, 0xff, 
  0xe4, 0xff, 0xed, 0xff, 0xff, 0xff, 0xe9, 0xff, 0xe4, 0xff, 0xe5, 0xff, 0xe5, 0xff, 0xe5, 0xff, 
  0xe5, 0xff, 0xe5, 0xff, 0xe4, 0xff, 0xe4, 0xff, 0xe4, 0xff, 0xe4, 0xff, 0xfb, 0xff, 0xf6, 0xff, 
  0xe4, 0xff, 0xe5, 0xff, 0xe5, 0xff, 0xe5, 0xff, 0xe5, 0xff, 0xe5, 0xff, 0xe5, 0xff, 0xe5, 0xff, 
  0xe5, 0xff, 0xe5, 0xff, 0xe5, 0xff, 0xe4, 0xff, 0xe9, 0xff, 0xff, 0xff, 0xff, 0xff, 0xff, 0xff, 
  0xff, 0xff, 0xff, 0xff, 0xff, 0xff, 0xed, 0xff, 0xe4, 0xff, 0xe5, 0xff, 0xe5, 0xff, 0xe5, 0xff, 
  0xe5, 0xff, 0xe5, 0xff, 0xe5, 0xff, 0xe5, 0xff, 0xe5, 0xff, 0xe5, 0xff, 0xe5, 0xff, 0xe5, 0xff, 
  0xe4, 0xff, 0xed, 0xff, 0xff, 0xff, 0xe9, 0xff, 0xe4, 0xff, 0xe5, 0xff, 0xe5, 0xff, 0xe5, 0xff, 
  0xe4, 0xff, 0xe4, 0xff, 0xe9, 0xff, 0xed, 0xff, 0xed, 0xff, 0xee, 0xff, 0xff, 0xff, 0xf6, 0xff, 
  0xe4, 0xff, 0xe5, 0xff, 0xe5, 0xff, 0xe5, 0xff, 0xe5, 0xff, 0xe5, 0xff, 0xe5, 0xff, 0xe5, 0xff, 
  0xe5, 0xff, 0xe5, 0xff, 0xe5, 0xff, 0xe4, 0xff, 0xed, 0xff, 0xff, 0xff, 0xff, 0xff, 0xff, 0xff, 
  0xff, 0xff, 0xff, 0xff, 0xff, 0xff, 0xf2, 0xff, 0xe4, 0xff, 0xe5, 0xff, 0xe5, 0xff, 0xe5, 0xff, 
  0xe5, 0xff, 0xe5, 0xff, 0xe5, 0xff, 0xe5, 0xff, 0xe5, 0xff, 0xe5, 0xff, 0xe5, 0xff, 0xe5, 0xff, 
  0xe4, 0xff, 0xed, 0xff, 0xff, 0xff, 0xe9, 0xff, 0xe4, 0xff, 0xe5, 0xff, 0xe5, 0xff, 0xe4, 0xff, 
  0xe9, 0xff, 0xfb, 0xff, 0xff, 0xff, 0xff, 0xff, 0xff, 0xff, 0xff, 0xff, 0xff, 0xff, 0xf6, 0xff, 
  0xe4, 0xff, 0xe5, 0xff, 0xe5, 0xff, 0xe5, 0xff, 0xe5, 0xff, 0xe5, 0xff, 0xe5, 0xff, 0xe5, 0xff, 
  0xe5, 0xff, 0xe5, 0xff, 0xe5, 0xff, 0xe4, 0xff, 0xf2, 0xff, 0xff, 0xff, 0xff, 0xff, 0xff, 0xff, 
  0xff, 0xff, 0xff, 0xff, 0xff, 0xff, 0xf6, 0xff, 0xe4, 0xff, 0xe5, 0xff, 0xe5, 0xff, 0xe5, 0xff, 
  0xe5, 0xff, 0xe5, 0xff, 0xe5, 0xff, 0xe5, 0xff, 0xe4, 0xff, 0xe4, 0xff, 0xe4, 0xff, 0xe5, 0xff, 
  0xe4, 0xff, 0xf2, 0xff, 0xff, 0xff, 0xe9, 0xff, 0xe4, 0xff, 0xe5, 0xff, 0xe5, 0xff, 0xe4, 0xff, 
  0xf6, 0xff, 0xff, 0xff, 0xff, 0xff, 0xff, 0xff, 0xff, 0xff, 0xff, 0xff, 0xff, 0xff, 0xf6, 0xff, 
  0xe4, 0xff, 0xe5, 0xff, 0xe5, 0xff, 0xe5, 0xff, 0xe5, 0xff, 0xe5, 0xff, 0xe5, 0xff, 0xe5, 0xff, 
  0xe5, 0xff, 0xe5, 0xff, 0xe5, 0xff, 0xe4, 0xff, 0xf6, 0xff, 0xff, 0xff, 0xff, 0xff, 0xff, 0xff, 
  0xff, 0xff, 0xff, 0xff, 0xff, 0xff, 0xff, 0xff, 0xe9, 0xff, 0xe4, 0xff, 0xe5, 0xff, 0xe5, 0xff, 
  0xe5, 0xff, 0xe5, 0xff, 0xe5, 0xff, 0xe4, 0xff, 0xe9, 0xff, 0xf6, 0xff, 0xfb, 0xff, 0xfb, 0xff, 
  0xfb, 0xff, 0xff, 0xff, 0xff, 0xff, 0xed, 0xff, 0xe4, 0xff, 0xe5, 0xff, 0xe5, 0xff, 0xe4, 0xff, 
  0xf6, 0xff, 0xff, 0xff, 0xff, 0xff, 0xff, 0xff, 0xff, 0xff, 0xff, 0xff, 0xff, 0xff, 0xf6, 0xff, 
  0xe4, 0xff, 0xe5, 0xff, 0xe5, 0xff, 0xe5, 0xff, 0xe5, 0xff, 0xe5, 0xff, 0xe5, 0xff, 0xe5, 0xff, 
  0xe5, 0xff, 0xe5, 0xff, 0xe4, 0xff, 0xe9, 0xff, 0xff, 0xff, 0xff, 0xff, 0xff, 0xff, 0xff, 0xff, 
  0xff, 0xff, 0xff, 0xff, 0xff, 0xff, 0xff, 0xff, 0xed, 0xff, 0xe4, 0xff, 0xe5, 0xff, 0xe5, 0xff, 
  0xe5, 0xff, 0xe5, 0xff, 0xe5, 0xff, 0xe5, 0xff, 0xfb, 0xff, 0xff, 0xff, 0xff, 0xff, 0xff, 0xff, 
  0xff, 0xff, 0xff, 0xff, 0xff, 0xff, 0xed, 0xff, 0xe4, 0xff, 0xe5, 0xff, 0xe5, 0xff, 0xe4, 0xff, 
  0xf2, 0xff, 0xff, 0xff, 0xff, 0xff, 0xff, 0xff, 0xff, 0xff, 0xff, 0xff, 0xff, 0xff, 0xee, 0xff, 
  0xe4, 0xff, 0xe5, 0xff, 0xe5, 0xff, 0xe5, 0xff, 0xe5, 0xff, 0xe5, 0xff, 0xe5, 0xff, 0xe5, 0xff, 
  0xe5, 0xff, 0xe5, 0xff, 0xe4, 0xff, 0xed, 0xff, 0xff, 0xff, 0xff, 0xff, 0xff, 0xff, 0xff, 0xff, 
  0xff, 0xff, 0xff, 0xff, 0xff, 0xff, 0xff, 0xff, 0xfb, 0xff, 0xe4, 0xff, 0xe5, 0xff, 0xe5, 0xff, 
  0xe5, 0xff, 0xe5, 0xff, 0xe4, 0xff, 0xe9, 0xff, 0xff, 0xff, 0xff, 0xff, 0xff, 0xff, 0xff, 0xff, 
  0xff, 0xff, 0xff, 0xff, 0xff, 0xff, 0xed, 0xff, 0xe4, 0xff, 0xe5, 0xff, 0xe5, 0xff, 0xe5, 0xff, 
  0xe4, 0xff, 0xd2, 0xff, 0xfb, 0xff, 0xff, 0xff, 0xff, 0xff, 0xfb, 0xff, 0xce, 0xff, 0xe4, 0xff, 
  0xe5, 0xff, 0xe5, 0xff, 0xe5, 0xff, 0xe5, 0xff, 0xe5, 0xff, 0xe5, 0xff, 0xe5, 0xff, 0xe5, 0xff, 
  0xe5, 0xff, 0xe5, 0xff, 0xe4, 0xff, 0xfb, 0xff, 0xff, 0xff, 0xff, 0xff, 0xff, 0xff, 0xff, 0xff, 
  0xff, 0xff, 0xff, 0xff, 0xff, 0xff, 0xff, 0xff, 0xff, 0xff, 0xed, 0xff, 0xe4, 0xff, 0xe5, 0xff, 
  0xe5, 0xff, 0xe5, 0xff, 0xe4, 0xff, 0xe9, 0xff, 0xff, 0xff, 0xff, 0xff, 0xff, 0xff, 0xff, 0xff, 
  0xff, 0xff, 0xff, 0xff, 0xff, 0xff, 0xe9, 0xff, 0xe4, 0xff, 0xe5, 0xff, 0xe5, 0xff, 0xe5, 0xff, 
  0xe5, 0xff, 0xe4, 0xff, 0xc4, 0xff, 0xc9, 0xff, 0xc9, 0xff, 0xc4, 0xff, 0xe4, 0xff, 0xe5, 0xff, 
  0xe5, 0xff, 0xe5, 0xff, 0xe5, 0xff, 0xe5, 0xff, 0xe5, 0xff, 0xe5, 0xff, 0xe5, 0xff, 0xe5, 0xff, 
  0xe5, 0xff, 0xe4, 0xff, 0xed, 0xff, 0xff, 0xff, 0xff, 0xff, 0xff, 0xff, 0xff, 0xff, 0xff, 0xff, 
  0xff, 0xff, 0xff, 0xff, 0xff, 0xff, 0xff, 0xff, 0xff, 0xff, 0xfb, 0xff, 0xe4, 0xff, 0xe5, 0xff, 
  0xe5, 0xff, 0xe5, 0xff, 0xe5, 0xff, 0xe4, 0xff, 0xd2, 0xff, 0xff, 0xff, 0xff, 0xff, 0xff, 0xff, 
  0xff, 0xff, 0xff, 0xff, 0xce, 0xff, 0xe4, 0xff, 0xe5, 0xff, 0xe5, 0xff, 0xe5, 0xff, 0xe5, 0xff, 
  0xe5, 0xff, 0xe5, 0xff, 0xe5, 0xff, 0xe4, 0xff, 0xe4, 0xff, 0xe5, 0xff, 0xe5, 0xff, 0xe5, 0xff, 
  0xe5, 0xff, 0xe5, 0xff, 0xe5, 0xff, 0xe5, 0xff, 0xe5, 0xff, 0xe5, 0xff, 0xe5, 0xff, 0xe5, 0xff, 
  0xe5, 0xff, 0xe4, 0xff, 0xfb, 0xff, 0xff, 0xff, 0xff, 0xff, 0xff, 0xff, 0xff, 0xff, 0xff, 0xff, 
  0xff, 0xff, 0xff, 0xff, 0xff, 0xff, 0xff, 0xff, 0xff, 0xff, 0xff, 0xff, 0xee, 0xff, 0xe4, 0xff, 
  0xe5, 0xff, 0xe5, 0xff, 0xe5, 0xff, 0xe5, 0xff, 0xe4, 0xff, 0xc9, 0xff, 0xcd, 0xff, 0xce, 0xff, 
  0xcd, 0xff, 0xc9, 0xff, 0xe4, 0xff, 0xe5, 0xff, 0xe5, 0xff, 0xe5, 0xff, 0xe5, 0xff, 0xe5, 0xff, 
  0xe5, 0xff, 0xe5, 0xff, 0xe5, 0xff, 0xe5, 0xff, 0xe5, 0xff, 0xe5, 0xff, 0xe5, 0xff, 0xe5, 0xff, 
  0xe5, 0xff, 0xe5, 0xff, 0xe5, 0xff, 0xe5, 0xff, 0xe5, 0xff, 0xe5, 0xff, 0xe5, 0xff, 0xe5, 0xff, 
  0xe4, 0xff, 0xee, 0xff, 0xff, 0xff, 0xff, 0xff, 0xff, 0xff, 0xff, 0xff, 0xff, 0xff, 0xff, 0xff, 
  0xff, 0xff, 0xff, 0xff, 0xff, 0xff, 0xff, 0xff, 0xff, 0xff, 0xff, 0xff, 0xff, 0xff, 0xe9, 0xff, 
  0xe4, 0xff, 0xe5, 0xff, 0xe5, 0xff, 0xe5, 0xff, 0xe5, 0xff, 0xe4, 0xff, 0xe4, 0xff, 0xe4, 0xff, 
  0xe4, 0xff, 0xe4, 0xff, 0xe5, 0xff, 0xe5, 0xff, 0xe5, 0xff, 0xe5, 0xff, 0xe5, 0xff, 0xe5, 0xff, 
  0xe5, 0xff, 0xe5, 0xff, 0xe5, 0xff, 0xe5, 0xff, 0xe5, 0xff, 0xe5, 0xff, 0xe5, 0xff, 0xe5, 0xff, 
  0xe5, 0xff, 0xe5, 0xff, 0xe5, 0xff, 0xe5, 0xff, 0xe5, 0xff, 0xe5, 0xff, 0xe5, 0xff, 0xe4, 0xff, 
  0xe9, 0xff, 0xff, 0xff, 0xff, 0xff, 0xff, 0xff, 0xff, 0xff, 0xff, 0xff, 0xff, 0xff, 0xff, 0xff, 
  0xff, 0xff, 0xff, 0xff, 0xff, 0xff, 0xff, 0xff, 0xff, 0xff, 0xff, 0xff, 0xff, 0xff, 0xfb, 0xff, 
  0xe5, 0xff, 0xe4, 0xff, 0xe5, 0xff, 0xe5, 0xff, 0xe5, 0xff, 0xe5, 0xff, 0xe5, 0xff, 0xe5, 0xff, 
  0xe5, 0xff, 0xe5, 0xff, 0xe5, 0xff, 0xe5, 0xff, 0xe5, 0xff, 0xe5, 0xff, 0xe5, 0xff, 0xe5, 0xff, 
  0xe5, 0xff, 0xe5, 0xff, 0xe5, 0xff, 0xe5, 0xff, 0xe5, 0xff, 0xe5, 0xff, 0xe5, 0xff, 0xe5, 0xff, 
  0xe5, 0xff, 0xe5, 0xff, 0xe5, 0xff, 0xe5, 0xff, 0xe5, 0xff, 0xe5, 0xff, 0xe4, 0xff, 0xe5, 0xff, 
  0xfb, 0xff, 0xff, 0xff, 0xff, 0xff, 0xff, 0xff, 0xff, 0xff, 0xff, 0xff, 0xff, 0xff, 0xff, 0xff, 
  0xff, 0xff, 0xff, 0xff, 0xff, 0xff, 0xff, 0xff, 0xff, 0xff, 0xff, 0xff, 0xff, 0xff, 0xff, 0xff, 
  0xf7, 0xff, 0xe4, 0xff, 0xe4, 0xff, 0xe5, 0xff, 0xe5, 0xff, 0xe5, 0xff, 0xe5, 0xff, 0xe5, 0xff, 
  0xe5, 0xff, 0xe5, 0xff, 0xe5, 0xff, 0xe5, 0xff, 0xe5, 0xff, 0xe5, 0xff, 0xe5, 0xff, 0xe5, 0xff, 
  0xe5, 0xff, 0xe5, 0xff, 0xe5, 0xff, 0xe5, 0xff, 0xe5, 0xff, 0xe5, 0xff, 0xe5, 0xff, 0xe5, 0xff, 
  0xe5, 0xff, 0xe5, 0xff, 0xe5, 0xff, 0xe5, 0xff, 0xe5, 0xff, 0xe4, 0xff, 0xe4, 0xff, 0xf7, 0xff, 
  0xff, 0xff, 0xff, 0xff, 0xff, 0xff, 0xff, 0xff, 0xff, 0xff, 0xff, 0xff, 0xff, 0xff, 0xff, 0xff, 
  0xff, 0xff, 0xff, 0xff, 0xff, 0xff, 0xff, 0xff, 0xff, 0xff, 0xff, 0xff, 0xff, 0xff, 0xff, 0xff, 
  0xff, 0xff, 0xf7, 0xff, 0xe5, 0xff, 0xe4, 0xff, 0xe5, 0xff, 0xe5, 0xff, 0xe5, 0xff, 0xe5, 0xff, 
  0xe5, 0xff, 0xe5, 0xff, 0xe5, 0xff, 0xe5, 0xff, 0xe5, 0xff, 0xe5, 0xff, 0xe5, 0xff, 0xe5, 0xff, 
  0xe5, 0xff, 0xe5, 0xff, 0xe5, 0xff, 0xe5, 0xff, 0xe5, 0xff, 0xe5, 0xff, 0xe5, 0xff, 0xe5, 0xff, 
  0xe5, 0xff, 0xe5, 0xff, 0xe5, 0xff, 0xe5, 0xff, 0xe4, 0xff, 0xe5, 0xff, 0xf7, 0xff, 0xff, 0xff, 
  0xff, 0xff, 0xff, 0xff, 0xff, 0xff, 0xff, 0xff, 0xff, 0xff, 0xff, 0xff, 0xff, 0xff, 0xff, 0xff, 
  0xff, 0xff, 0xff, 0xff, 0xff, 0xff, 0xff, 0xff, 0xff, 0xff, 0xff, 0xff, 0xff, 0xff, 0xff, 0xff, 
  0xff, 0xff, 0xff, 0xff, 0xfb, 0xff, 0xe9, 0xff, 0xe4, 0xff, 0xe5, 0xff, 0xe5, 0xff, 0xe5, 0xff, 
  0xe5, 0xff, 0xe5, 0xff, 0xe5, 0xff, 0xe5, 0xff, 0xe5, 0xff, 0xe5, 0xff, 0xe5, 0xff, 0xe5, 0xff, 
  0xe5, 0xff, 0xe5, 0xff, 0xe5, 0xff, 0xe5, 0xff, 0xe5, 0xff, 0xe5, 0xff, 0xe5, 0xff, 0xe5, 0xff, 
  0xe5, 0xff, 0xe5, 0xff, 0xe5, 0xff, 0xe4, 0xff, 0xe9, 0xff, 0xfb, 0xff, 0xff, 0xff, 0xff, 0xff, 
  0xff, 0xff, 0xff, 0xff, 0xff, 0xff, 0xff, 0xff, 0xff, 0xff, 0xff, 0xff, 0xff, 0xff, 0xff, 0xff, 
  0xff, 0xff, 0xff, 0xff, 0xff, 0xff, 0xff, 0xff, 0xff, 0xff, 0xff, 0xff, 0xff, 0xff, 0xff, 0xff, 
  0xff, 0xff, 0xff, 0xff, 0xff, 0xff, 0xff, 0xff, 0xee, 0xff, 0xe4, 0xff, 0xe4, 0xff, 0xe5, 0xff, 
  0xe5, 0xff, 0xe5, 0xff, 0xe5, 0xff, 0xe5, 0xff, 0xe5, 0xff, 0xe5, 0xff, 0xe5, 0xff, 0xe5, 0xff, 
  0xe5, 0xff, 0xe5, 0xff, 0xe5, 0xff, 0xe5, 0xff, 0xe5, 0xff, 0xe5, 0xff, 0xe5, 0xff, 0xe5, 0xff, 
  0xe5, 0xff, 0xe4, 0xff, 0xe4, 0xff, 0xee, 0xff, 0xff, 0xff, 0xff, 0xff, 0xff, 0xff, 0xff, 0xff, 
  0xff, 0xff, 0xff, 0xff, 0xff, 0xff, 0xff, 0xff, 0xff, 0xff, 0xff, 0xff, 0xff, 0xff, 0xff, 0xff, 
  0xff, 0xff, 0xff, 0xff, 0xff, 0xff, 0xff, 0xff, 0xff, 0xff, 0xff, 0xff, 0xff, 0xff, 0xff, 0xff, 
  0xff, 0xff, 0xff, 0xff, 0xff, 0xff, 0xff, 0xff, 0xff, 0xff, 0xfb, 0xff, 0xed, 0xff, 0xe4, 0xff, 
  0xe4, 0xff, 0xe4, 0xff, 0xe5, 0xff, 0xe5, 0xff, 0xe5, 0xff, 0xe5, 0xff, 0xe5, 0xff, 0xe5, 0xff, 
  0xe5, 0xff, 0xe5, 0xff, 0xe5, 0xff, 0xe5, 0xff, 0xe9, 0xff, 0xe9, 0xff, 0xe5, 0xff, 0xe4, 0xff, 
  0xe4, 0xff, 0xed, 0xff, 0xfb, 0xff, 0xff, 0xff, 0xff, 0xff, 0xff, 0xff, 0xff, 0xff, 0xff, 0xff, 
  0xff, 0xff, 0xff, 0xff, 0xff, 0xff, 0xff, 0xff, 0xff, 0xff, 0xff, 0xff, 0xff, 0xff, 0xff, 0xff, 
  0xff, 0xff, 0xff, 0xff, 0xff, 0xff, 0xff, 0xff, 0xff, 0xff, 0xff, 0xff, 0xff, 0xff, 0xff, 0xff, 
  0xff, 0xff, 0xff, 0xff, 0xff, 0xff, 0xff, 0xff, 0xff, 0xff, 0xff, 0xff, 0xff, 0xff, 0xfb, 0xff, 
  0xed, 0xff, 0xe9, 0xff, 0xe4, 0xff, 0xe4, 0xff, 0xe4, 0xff, 0xe4, 0xff, 0xe5, 0xff, 0xe4, 0xff, 
  0xe5, 0xff, 0xe5, 0xff, 0xe5, 0xff, 0xe4, 0xff, 0xe4, 0xff, 0xe4, 0xff, 0xe9, 0xff, 0xed, 0xff, 
  0xfb, 0xff, 0xff, 0xff, 0xff, 0xff, 0xff, 0xff, 0xff, 0xff, 0xff, 0xff, 0xff, 0xff, 0xff, 0xff, 
  0xff, 0xff, 0xff, 0xff, 0xff, 0xff, 0xff, 0xff, 0xff, 0xff, 0xff, 0xff, 0xff, 0xff, 0xff, 0xff, 
  0xff, 0xff, 0xff, 0xff, 0xff, 0xff, 0xff, 0xff, 0xff, 0xff, 0xff, 0xff, 0xff, 0xff, 0xff, 0xff, 
  0xff, 0xff, 0xff, 0xff, 0xff, 0xff, 0xff, 0xff, 0xff, 0xff, 0xff, 0xff, 0xff, 0xff, 0xff, 0xff, 
  0xff, 0xff, 0xff, 0xff, 0xf6, 0xff, 0xf2, 0xff, 0xed, 0xff, 0xe9, 0xff, 0xe9, 0xff, 0xe5, 0xff, 
  0xe9, 0xff, 0xe9, 0xff, 0xe9, 0xff, 0xed, 0xff, 0xf2, 0xff, 0xf6, 0xff, 0xff, 0xff, 0xff, 0xff, 
  0xff, 0xff, 0xff, 0xff, 0xff, 0xff, 0xff, 0xff, 0xff, 0xff, 0xff, 0xff, 0xff, 0xff, 0xff, 0xff, 
  0xff, 0xff, 0xff, 0xff, 0xff, 0xff, 0xff, 0xff, 0xff, 0xff, 0xff, 0xff, 0xff, 0xff, 0xff, 0xff, 
  0xff, 0xff, 0xff, 0xff, 0xff, 0xff, 0xff, 0xff, 0xff, 0xff, 0xff, 0xff, 0xff, 0xff, 0xff, 0xff, 
  0xff, 0xff, 0xff, 0xff, 0xff, 0xff, 0xff, 0xff, 0xff, 0xff, 0xff, 0xff, 0xff, 0xff, 0xff, 0xff, 
  0xff, 0xff, 0xff, 0xff, 0xff, 0xff, 0xff, 0xff, 0xff, 0xff, 0xff, 0xff, 0xff, 0xff, 0xff, 0xff, 
  0xff, 0xff, 0xff, 0xff, 0xff, 0xff, 0xff, 0xff, 0xff, 0xff, 0xff, 0xff, 0xff, 0xff, 0xff, 0xff, 
  0xff, 0xff, 0xff, 0xff, 0xff, 0xff, 0xff, 0xff, 0xff, 0xff, 0xff, 0xff, 0xff, 0xff, 0xff, 0xff, 
  0xff, 0xff, 0xff, 0xff, 0xff, 0xff, 0xff, 0xff, 0xff, 0xff, 0xff, 0xff, 0xff, 0xff, 0xff, 0xff, 
  0xff, 0xff, 0xff, 0xff, 0xff, 0xff, 0xff, 0xff, 0xff, 0xff, 0xff, 0xff, 0xff, 0xff, 0xff, 0xff, 
  0xff, 0xff, 0xff, 0xff, 0xff, 0xff, 0xff, 0xff, 0xff, 0xff, 0xff, 0xff, 0xff, 0xff, 0xff, 0xff, 
  0xff, 0xff, 0xff, 0xff, 0xff, 0xff, 0xff, 0xff, 0xff, 0xff, 0xff, 0xff, 0xff, 0xff, 0xff, 0xff, 
  0xff, 0xff, 0xff, 0xff, 0xff, 0xff, 0xff, 0xff, 0xff, 0xff, 0xff, 0xff, 0xff, 0xff, 0xff, 0xff, 
  0xff, 0xff, 0xff, 0xff, 0xff, 0xff, 0xff, 0xff, 0xff, 0xff, 0xff, 0xff, 0xff, 0xff, 0xff, 0xff, 
  0xff, 0xff, 0xff, 0xff, 0xff, 0xff, 0xff, 0xff, 0xff, 0xff, 0xff, 0xff, 0xff, 0xff, 0xff, 0xff, 
  0xff, 0xff, 0xff, 0xff, 0xff, 0xff, 0xff, 0xff, 0xff, 0xff, 0xff, 0xff, 0xff, 0xff, 0xff, 0xff, 
  0xff, 0xff, 0xff, 0xff, 0xff, 0xff, 0xff, 0xff, 0xff, 0xff, 0xff, 0xff, 0xff, 0xff, 0xff, 0xff, 
  0xff, 0xff, 0xff, 0xff, 0xff, 0xff, 0xff, 0xff, 0xff, 0xff, 0xff, 0xff, 0xff, 0xff, 0xff, 0xff, 
  0xff, 0xff, 0xff, 0xff, 0xff, 0xff, 0xff, 0xff, 0xff, 0xff, 0xff, 0xff, 0xff, 0xff, 0xff, 0xff, 
  0xff, 0xff, 0xff, 0xff, 0xff, 0xff, 0xff, 0xff, 0xff, 0xff, 0xff, 0xff, 0xff, 0xff, 0xff, 0xff, 
  0xff, 0xff, 0xff, 0xff, 0xff, 0xff, 0xff, 0xff, 0xff, 0xff, 0xff, 0xff, 0xff, 0xff, 0xff, 0xff, 
#endif

#if LV_COLOR_DEPTH == 16 && LV_COLOR_16_SWAP == 0
  /*Pixel format: Alpha 8 bit, Red: 5 bit, Green: 6 bit, Blue: 5 bit*/
  0xbe, 0xf7, 0xff, 0xbe, 0xf7, 0xff, 0xbe, 0xf7, 0xff, 0xbe, 0xf7, 0xff, 0xbe, 0xf7, 0xff, 0xbe, 
  0xf7, 0xff, 0xbe, 0xf7, 0xff, 0xbe, 0xf7, 0xff, 0xbe, 0xf7, 0xff, 0xbe, 0xf7, 0xff, 0xbe, 0xf7, 
  0xff, 0xbe, 0xf7, 0xff, 0xbe, 0xf7, 0xff, 0xbe, 0xf7, 0xff, 0xbe, 0xf7, 0xff, 0xbe, 0xf7, 0xff, 
  0xbe, 0xf7, 0xff, 0xbe, 0xf7, 0xff, 0xbe, 0xf7, 0xff, 0xbe, 0xf7, 0xff, 0xbe, 0xf7, 0xff, 0xbe, 
  0xf7, 0xff, 0xbe, 0xf7, 0xff, 0xbe, 0xf7, 0xff, 0xbe, 0xf7, 0xff, 0xbe, 0xf7, 0xff, 0xbe, 0xf7, 
  0xff, 0xbe, 0xf7, 0xff, 0xbe, 0xf7, 0xff, 0xbe, 0xf7, 0xff, 0xbe, 0xf7, 0xff, 0xbe, 0xf7, 0xff, 
  0xbe, 0xf7, 0xff, 0xbe, 0xf7, 0xff, 0xbe, 0xf7, 0xff, 0xbe, 0xf7, 0xff, 0xbe, 0xf7, 0xff, 0xbe, 
  0xf7, 0xff, 0xbe, 0xf7, 0xff, 0xbe, 0xf7, 0xff, 0xbe, 0xf7, 0xff, 0xbe, 0xf7, 0xff, 0xbe, 0xf7, 
  0xff, 0xbe, 0xf7, 0xff, 0xbe, 0xf7, 0xff, 0xbe, 0xf7, 0xff, 0xbe, 0xf7, 0xff, 0xbe, 0xf7, 0xff, 
  0xbe, 0xf7, 0xff, 0xbe, 0xf7, 0xff, 0xbe, 0xf7, 0xff, 0xbe, 0xf7, 0xff, 0xbe, 0xf7, 0xff, 0xbe, 
  0xf7, 0xff, 0xbe, 0xf7, 0xff, 0xbe, 0xf7, 0xff, 0xbe, 0xf7, 0xff, 0xbe, 0xf7, 0xff, 0xbe, 0xf7, 
  0xff, 0xbe, 0xf7, 0xff, 0xbe, 0xf7, 0xff, 0xbe, 0xf7, 0xff, 0xbe, 0xf7, 0xff, 0xbe, 0xf7, 0xff, 
  0xbe, 0xf7, 0xff, 0xbe, 0xf7, 0xff, 0xbe, 0xf7, 0xff, 0x9e, 0xf7, 0xff, 0xbe, 0xf7, 0xff, 0xbe, 
  0xf7, 0xff, 0xdf, 0xf7, 0xff, 0xdf, 0xf7, 0xff, 0xdf, 0xf7, 0xff, 0xdf, 0xf7, 0xff, 0xbe, 0xf7, 
  0xff, 0xbe, 0xf7, 0xff, 0x9e, 0xf7, 0xff, 0x9e, 0xf7, 0xff, 0xbe, 0xf7, 0xff, 0xbe, 0xf7, 0xff, 
  0xbe, 0xf7, 0xff, 0xbe, 0xf7, 0xff, 0xbe, 0xf7, 0xff, 0xbe, 0xf7, 0xff, 0xbe, 0xf7, 0xff, 0xbe, 
  0xf7, 0xff, 0xbe, 0xf7, 0xff, 0xbe, 0xf7, 0xff, 0xbe, 0xf7, 0xff, 0xbe, 0xf7, 0xff, 0xbe, 0xf7, 
  0xff, 0xbe, 0xf7, 0xff, 0xbe, 0xf7, 0xff, 0xbe, 0xf7, 0xff, 0xbe, 0xf7, 0xff, 0xbe, 0xf7, 0xff, 
  0xbe, 0xf7, 0xff, 0xbe, 0xf7, 0xff, 0xbe, 0xf7, 0xff, 0xbe, 0xf7, 0xff, 0xbe, 0xf7, 0xff, 0xbe, 
  0xf7, 0xff, 0xbe, 0xf7, 0xff, 0xbe, 0xf7, 0xff, 0xbe, 0xf7, 0xff, 0xbe, 0xf7, 0xff, 0xbe, 0xf7, 
  0xff, 0xbe, 0xf7, 0xff, 0xbe, 0xf7, 0xff, 0xbe, 0xf7, 0xff, 0xbe, 0xf7, 0xff, 0xbe, 0xf7, 0xff, 
  0x9e, 0xf7, 0xff, 0xdf, 0xf7, 0xff, 0xff, 0xf7, 0xff, 0xff, 0xf7, 0xff, 0xff, 0xf7, 0xff, 0xbe, 
  0xf7, 0xff, 0x5d, 0xf7, 0xff, 0x3c, 0xf7, 0xff, 0x3c, 0xf7, 0xff, 0x5d, 0xf7, 0xff, 0xbe, 0xf7, 
  0xff, 0xff, 0xf7, 0xff, 0xff, 0xf7, 0xff, 0xff, 0xf7, 0xff, 0xdf, 0xf7, 0xff, 0x9e, 0xf7, 0xff, 
  0xbe, 0xf7, 0xff, 0xbe, 0xf7, 0xff, 0xbe, 0xf7, 0xff, 0xbe, 0xf7, 0xff, 0xbe, 0xf7, 0xff, 0xbe, 
  0xf7, 0xff, 0xbe, 0xf7, 0xff, 0xbe, 0xf7, 0xff, 0xbe, 0xf7, 0xff, 0xbe, 0xf7, 0xff, 0xbe, 0xf7, 
  0xff, 0xbe, 0xf7, 0xff, 0xbe, 0xf7, 0xff, 0xbe, 0xf7, 0xff, 0xbe, 0xf7, 0xff, 0xbe, 0xf7, 0xff, 
  0xbe, 0xf7, 0xff, 0xbe, 0xf7, 0xff, 0xbe, 0xf7, 0xff, 0xbe, 0xf7, 0xff, 0xbe, 0xf7, 0xff, 0xbe, 
  0xf7, 0xff, 0xbe, 0xf7, 0xff, 0xbe, 0xf7, 0xff, 0xbe, 0xf7, 0xff, 0xbe, 0xf7, 0xff, 0xbe, 0xf7, 
  0xff, 0xbe, 0xf7, 0xff, 0xbe, 0xf7, 0xff, 0xbe, 0xf7, 0xff, 0xbe, 0xf7, 0xff, 0xff, 0xf7, 0xff, 
  0xff, 0xf7, 0xff, 0x5d, 0xf7, 0xff, 0xd7, 0xf5, 0xff, 0x72, 0xfc, 0xff, 0x4e, 0xfb, 0xff, 0x8b, 
  0xfa, 0xff, 0x29, 0xfa, 0xff, 0x09, 0xfa, 0xff, 0x09, 0xfa, 0xff, 0x29, 0xfa, 0xff, 0x8b, 0xfa, 
  0xff, 0x4e, 0xfb, 0xff, 0x72, 0xfc, 0xff, 0xd7, 0xf5, 0xff, 0x5d, 0xf7, 0xff, 0xff, 0xf7, 0xff, 
  0xff, 0xf7, 0xff, 0xbe, 0xf7, 0xff, 0xbe, 0xf7, 0xff, 0xbe, 0xf7, 0xff, 0xbe, 0xf7, 0xff, 0xbe, 
  0xf7, 0xff, 0xbe, 0xf7, 0xff, 0xbe, 0xf7, 0xff, 0xbe, 0xf7, 0xff, 0xbe, 0xf7, 0xff, 0xbe, 0xf7, 
  0xff, 0xbe, 0xf7, 0xff, 0xbe, 0xf7, 0xff, 0xbe, 0xf7, 0xff, 0xbe, 0xf7, 0xff, 0xbe, 0xf7, 0xff, 
  0xbe, 0xf7, 0xff, 0xbe, 0xf7, 0xff, 0xbe, 0xf7, 0xff, 0xbe, 0xf7, 0xff, 0xbe, 0xf7, 0xff, 0xbe, 
  0xf7, 0xff, 0xbe, 0xf7, 0xff, 0xbe, 0xf7, 0xff, 0xbe, 0xf7, 0xff, 0xbe, 0xf7, 0xff, 0xbe, 0xf7, 
  0xff, 0xbe, 0xf7, 0xff, 0x9e, 0xf7, 0xff, 0xff, 0xf7, 0xff, 0xff, 0xf7, 0xff, 0x39, 0xf6, 0xff, 
  0xd0, 0xfb, 0xff, 0x09, 0xfa, 0xff, 0x66, 0xf9, 0xff, 0x46, 0xf9, 0xff, 0x66, 0xf9, 0xff, 0x87, 
  0xf9, 0xff, 0x87, 0xf9, 0xff, 0xa7, 0xf9, 0xff, 0xa7, 0xf9, 0xff, 0x87, 0xf9, 0xff, 0x87, 0xf9, 
  0xff, 0x66, 0xf9, 0xff, 0x46, 0xf9, 0xff, 0x66, 0xf9, 0xff, 0x09, 0xfa, 0xff, 0xd0, 0xfb, 0xff, 
  0x39, 0xf6, 0xff, 0xff, 0xf7, 0xff, 0xff, 0xf7, 0xff, 0x9e, 0xf7, 0xff, 0xbe, 0xf7, 0xff, 0xbe, 
  0xf7, 0xff, 0xbe, 0xf7, 0xff, 0xbe, 0xf7, 0xff, 0xbe, 0xf7, 0xff, 0xbe, 0xf7, 0xff, 0xbe, 0xf7, 
  0xff, 0xbe, 0xf7, 0xff, 0xbe, 0xf7, 0xff, 0xbe, 0xf7, 0xff, 0xbe, 0xf7, 0xff, 0xbe, 0xf7, 0xff, 
  0xbe, 0xf7, 0xff, 0xbe, 0xf7, 0xff, 0xbe, 0xf7, 0xff, 0xbe, 0xf7, 0xff, 0xbe, 0xf7, 0xff, 0xbe, 
  0xf7, 0xff, 0xbe, 0xf7, 0xff, 0xbe, 0xf7, 0xff, 0xbe, 0xf7, 0xff, 0xbe, 0xf7, 0xff, 0xbe, 0xf7, 
  0xff, 0xdf, 0xf7, 0xff, 0xff, 0xf7, 0xff, 0x59, 0xf6, 0xff, 0x2d, 0xfb, 0xff, 0x67, 0xf9, 0xff, 
  0x46, 0xf9, 0xff, 0xa7, 0xf9, 0xff, 0xc8, 0xf9, 0xff, 0xc8, 0xf9, 0xff, 0xc8, 0xf9, 0xff, 0xc8, 
  0xf9, 0xff, 0xc8, 0xf9, 0xff, 0xc8, 0xf9, 0xff, 0xc8, 0xf9, 0xff, 0xc8, 0xf9, 0xff, 0xc8, 0xf9, 
  0xff, 0xc8, 0xf9, 0xff, 0xc8, 0xf9, 0xff, 0xc8, 0xf9, 0xff, 0xa7, 0xf9, 0xff, 0x46, 0xf9, 0xff, 
  0x67, 0xf9, 0xff, 0x2d, 0xfb, 0xff, 0x59, 0xf6, 0xff, 0xff, 0xf7, 0xff, 0xdf, 0xf7, 0xff, 0xbe, 
  0xf7, 0xff, 0xbe, 0xf7, 0xff, 0xbe, 0xf7, 0xff, 0xbe, 0xf7, 0xff, 0xbe, 0xf7, 0xff, 0xbe, 0xf7, 
  0xff, 0xbe, 0xf7, 0xff, 0xbe, 0xf7, 0xff, 0xbe, 0xf7, 0xff, 0xbe, 0xf7, 0xff, 0xbe, 0xf7, 0xff, 
  0xbe, 0xf7, 0xff, 0xbe, 0xf7, 0xff, 0xbe, 0xf7, 0xff, 0xbe, 0xf7, 0xff, 0xbe, 0xf7, 0xff, 0xbe, 
  0xf7, 0xff, 0xbe, 0xf7, 0xff, 0xbe, 0xf7, 0xff, 0xbe, 0xf7, 0xff, 0x9e, 0xf7, 0xff, 0xff, 0xf7, 
  0xff, 0x9e, 0xf7, 0xff, 0x11, 0xfc, 0xff, 0x87, 0xf9, 0xff, 0x66, 0xf9, 0xff, 0xc8, 0xf9, 0xff, 
  0xc8, 0xf9, 0xff, 0xc8, 0xf9, 0xff, 0xa8, 0xf9, 0xff, 0xa8, 0xf9, 0xff, 0xa8, 0xf9, 0xff, 0xa8, 
  0xf9, 0xff, 0xa8, 0xf9, 0xff, 0xa8, 0xf9, 0xff, 0xa8, 0xf9, 0xff, 0xa8, 0xf9, 0xff, 0xa8, 0xf9, 
  0xff, 0xa8, 0xf9, 0xff, 0xa8, 0xf9, 0xff, 0xa8, 0xf9, 0xff, 0xc8, 0xf9, 0xff, 0xc8, 0xf9, 0xff, 
  0xc8, 0xf9, 0xff, 0x67, 0xf9, 0xff, 0x87, 0xf9, 0xff, 0x10, 0xfc, 0xff, 0x7d, 0xf7, 0xff, 0xff, 
  0xf7, 0xff, 0x9e, 0xf7, 0xff, 0xbe, 0xf7, 0xff, 0xbe, 0xf7, 0xff, 0xbe, 0xf7, 0xff, 0xbe, 0xf7, 
  0xff, 0xbe, 0xf7, 0xff, 0xbe, 0xf7, 0xff, 0xbe, 0xf7, 0xff, 0xbe, 0xf7, 0xff, 0xbe, 0xf7, 0xff, 
  0xbe, 0xf7, 0xff, 0xbe, 0xf7, 0xff, 0xbe, 0xf7, 0xff, 0xbe, 0xf7, 0xff, 0xbe, 0xf7, 0xff, 0xbe, 
  0xf7, 0xff, 0xbe, 0xf7, 0xff, 0xbe, 0xf7, 0xff, 0x9e, 0xf7, 0xff, 0xff, 0xf7, 0xff, 0xba, 0xf6, 
  0xff, 0x8b, 0xfa, 0xff, 0x46, 0xf9, 0xff, 0xc8, 0xf9, 0xff, 0xc8, 0xf9, 0xff, 0xa8, 0xf9, 0xff, 
  0xa8, 0xf9, 0xff, 0xa8, 0xf9, 0xff, 0xa8, 0xf9, 0xff, 0xa8, 0xf9, 0xff, 0xa8, 0xf9, 0xff, 0xa8, 
  0xf9, 0xff, 0xa8, 0xf9, 0xff, 0xa8, 0xf9, 0xff, 0xa8, 0xf9, 0xff, 0xa8, 0xf9, 0xff, 0xa8, 0xf9, 
  0xff, 0xa8, 0xf9, 0xff, 0xa8, 0xf9, 0xff, 0xa8, 0xf9, 0xff, 0xa8, 0xf9, 0xff, 0xa8, 0xf9, 0xff, 
  0xa8, 0xf9, 0xff, 0xc8, 0xf9, 0xff, 0xc8, 0xf9, 0xff, 0x46, 0xf9, 0xff, 0x6b, 0xfa, 0xff, 0xba, 
  0xf6, 0xff, 0xff, 0xf7, 0xff, 0x9e, 0xf7, 0xff, 0xbe, 0xf7, 0xff, 0xbe, 0xf7, 0xff, 0xbe, 0xf7, 
  0xff, 0xbe, 0xf7, 0xff, 0xbe, 0xf7, 0xff, 0xbe, 0xf7, 0xff, 0xbe, 0xf7, 0xff, 0xbe, 0xf7, 0xff, 
  0xbe, 0xf7, 0xff, 0xbe, 0xf7, 0xff, 0xbe, 0xf7, 0xff, 0xbe, 0xf7, 0xff, 0xbe, 0xf7, 0xff, 0xbe, 
  0xf7, 0xff, 0xbe, 0xf7, 0xff, 0x9e, 0xf7, 0xff, 0xff, 0xf7, 0xff, 0x18, 0xf6, 0xff, 0xc8, 0xf9, 
  0xff, 0x67, 0xf9, 0xff, 0xc8, 0xf9, 0xff, 0xa8, 0xf9, 0xff, 0xa8, 0xf9, 0xff, 0xa8, 0xf9, 0xff, 
  0xa8, 0xf9, 0xff, 0xa8, 0xf9, 0xff, 0xa8, 0xf9, 0xff, 0xa8, 0xf9, 0xff, 0xa8, 0xf9, 0xff, 0xa8, 
  0xf9, 0xff, 0xa8, 0xf9, 0xff, 0xa8, 0xf9, 0xff, 0xa8, 0xf9, 0xff, 0xa8, 0xf9, 0xff, 0xa8, 0xf9, 
  0xff, 0xa8, 0xf9, 0xff, 0xa8, 0xf9, 0xff, 0xa8, 0xf9, 0xff, 0xa8, 0xf9, 0xff, 0xa8, 0xf9, 0xff, 
  0xa8, 0xf9, 0xff, 0xa8, 0xf9, 0xff, 0xa8, 0xf9, 0xff, 0xc8, 0xf9, 0xff, 0x67, 0xf9, 0xff, 0xc8, 
  0xf9, 0xff, 0x18, 0xf6, 0xff, 0xff, 0xf7, 0xff, 0x9e, 0xf7, 0xff, 0xbe, 0xf7, 0xff, 0xbe, 0xf7, 
  0xff, 0xbe, 0xf7, 0xff, 0xbe, 0xf7, 0xff, 0xbe, 0xf7, 0xff, 0xbe, 0xf7, 0xff, 0xbe, 0xf7, 0xff, 
  0xbe, 0xf7, 0xff, 0xbe, 0xf7, 0xff, 0xbe, 0xf7, 0xff, 0xbe, 0xf7, 0xff, 0xbe, 0xf7, 0xff, 0xbe, 
  0xf7, 0xff, 0x9e, 0xf7, 0xff, 0xff, 0xf7, 0xff, 0x18, 0xf6, 0xff, 0x87, 0xf9, 0xff, 0x87, 0xf9, 
  0xff, 0xc8, 0xf9, 0xff, 0xa8, 0xf9, 0xff, 0xa8, 0xf9, 0xff, 0xa8, 0xf9, 0xff, 0xa8, 0xf9, 0xff, 
  0xa8, 0xf9, 0xff, 0xa8, 0xf9, 0xff, 0xa8, 0xf9, 0xff, 0xa8, 0xf9, 0xff, 0xa8, 0xf9, 0xff, 0xa8, 
  0xf9, 0xff, 0xa8, 0xf9, 0xff, 0xa8, 0xf9, 0xff, 0xa8, 0xf9, 0xff, 0xa8, 0xf9, 0xff, 0xa8, 0xf9, 
  0xff, 0xc8, 0xf9, 0xff, 0xc8, 0xf9, 0xff, 0xc8, 0xf9, 0xff, 0xc8, 0xf9, 0xff, 0xc8, 0xf9, 0xff, 
  0xa8, 0xf9, 0xff, 0xa8, 0xf9, 0xff, 0xa8, 0xf9, 0xff, 0xa8, 0xf9, 0xff, 0xc8, 0xf9, 0xff, 0xa7, 
  0xf9, 0xff, 0x87, 0xf9, 0xff, 0x18, 0xf6, 0xff, 0xff, 0xf7, 0xff, 0x9e, 0xf7, 0xff, 0xbe, 0xf7, 
  0xff, 0xbe, 0xf7, 0xff, 0xbe, 0xf7, 0xff, 0xbe, 0xf7, 0xff, 0xbe, 0xf7, 0xff, 0xbe, 0xf7, 0xff, 
  0xbe, 0xf7, 0xff, 0xbe, 0xf7, 0xff, 0xbe, 0xf7, 0xff, 0xbe, 0xf7, 0xff, 0xbe, 0xf7, 0xff, 0xbe, 
  0xf7, 0xff, 0xff, 0xf7, 0xff, 0xba, 0xf6, 0xff, 0xc8, 0xf9, 0xff, 0x87, 0xf9, 0xff, 0xc8, 0xf9, 
  0xff, 0xa8, 0xf9, 0xff, 0xa8, 0xf9, 0xff, 0xa8, 0xf9, 0xff, 0xa8, 0xf9, 0xff, 0xa8, 0xf9, 0xff, 
  0xa8, 0xf9, 0xff, 0xa8, 0xf9, 0xff, 0xa8, 0xf9, 0xff, 0xa8, 0xf9, 0xff, 0xa8, 0xf9, 0xff, 0xa8, 
  0xf9, 0xff, 0xc8, 0xf9, 0xff, 0xc8, 0xf9, 0xff, 0xc8, 0xf9, 0xff, 0xc8, 0xf9, 0xff, 0xc8, 0xf9, 
  0xff, 0xa7, 0xf9, 0xff, 0x87, 0xf9, 0xff, 0x66, 0xf9, 0xff, 0x46, 0xf9, 0xff, 0x87, 0xf9, 0xff, 
  0xc8, 0xf9, 0xff, 0xa8, 0xf9, 0xff, 0xa8, 0xf9, 0xff, 0xa8, 0xf9, 0xff, 0xa8, 0xf9, 0xff, 0xc8, 
  0xf9, 0xff, 0xa7, 0xf9, 0xff, 0xc8, 0xf9, 0xff, 0x9a, 0xf6, 0xff, 0xff, 0xf7, 0xff, 0xbe, 0xf7, 
  0xff, 0xbe, 0xf7, 0xff, 0xbe, 0xf7, 0xff, 0xbe, 0xf7, 0xff, 0xbe, 0xf7, 0xff, 0xbe, 0xf7, 0xff, 
  0xbe, 0xf7, 0xff, 0xbe, 0xf7, 0xff, 0xbe, 0xf7, 0xff, 0xbe, 0xf7, 0xff, 0xbe, 0xf7, 0xff, 0xdf, 
  0xf7, 0xff, 0x7e, 0xf7, 0xff, 0x8b, 0xfa, 0xff, 0x67, 0xf9, 0xff, 0xc8, 0xf9, 0xff, 0xa8, 0xf9, 
  0xff, 0xa8, 0xf9, 0xff, 0xa8, 0xf9, 0xff, 0xa8, 0xf9, 0xff, 0xa8, 0xf9, 0xff, 0xa8, 0xf9, 0xff, 
  0xa8, 0xf9, 0xff, 0xa8, 0xf9, 0xff, 0xc8, 0xf9, 0xff, 0xc8, 0xf9, 0xff, 0xc8, 0xf9, 0xff, 0xc8, 
  0xf9, 0xff, 0xa7, 0xf9, 0xff, 0x87, 0xf9, 0xff, 0x46, 0xf9, 0xff, 0x46, 0xf9, 0xff, 0x87, 0xf9, 
  0xff, 0xe9, 0xf9, 0xff, 0xab, 0xfa, 0xff, 0xaf, 0xfb, 0xff, 0xd3, 0xfc, 0xff, 0x2d, 0xfb, 0xff, 
  0x87, 0xf9, 0xff, 0xc8, 0xf9, 0xff, 0xa8, 0xf9, 0xff, 0xa8, 0xf9, 0xff, 0xa8, 0xf9, 0xff, 0xa8, 
  0xf9, 0xff, 0xc8, 0xf9, 0xff, 0x67, 0xf9, 0xff, 0x6a, 0xfa, 0xff, 0x7d, 0xf7, 0xff, 0xdf, 0xf7, 
  0xff, 0xbe, 0xf7, 0xff, 0xbe, 0xf7, 0xff, 0xbe, 0xf7, 0xff, 0xbe, 0xf7, 0xff, 0xbe, 0xf7, 0xff, 
  0xbe, 0xf7, 0xff, 0xbe, 0xf7, 0xff, 0xbe, 0xf7, 0xff, 0xbe, 0xf7, 0xff, 0xbe, 0xf7, 0xff, 0xff, 
  0xf7, 0xff, 0x11, 0xfc, 0xff, 0x46, 0xf9, 0xff, 0xc8, 0xf9, 0xff, 0xa8, 0xf9, 0xff, 0xa8, 0xf9, 
  0xff, 0xa8, 0xf9, 0xff, 0xa8, 0xf9, 0xff, 0xa8, 0xf9, 0xff, 0xa8, 0xf9, 0xff, 0xa8, 0xf9, 0xff, 
  0xa8, 0xf9, 0xff, 0xa8, 0xf9, 0xff, 0x87, 0xf9, 0xff, 0x46, 0xf9, 0xff, 0x46, 0xf9, 0xff, 0x87, 
  0xf9, 0xff, 0x09, 0xfa, 0xff, 0xcc, 0xfa, 0xff, 0xcf, 0xfb, 0xff, 0xd3, 0xfc, 0xff, 0xf7, 0xfd, 
  0xff, 0xbb, 0xfe, 0xff, 0x5d, 0xff, 0xff, 0x7d, 0xff, 0xff, 0xff, 0xff, 0xff, 0xd7, 0xfd, 0xff, 
  0x66, 0xf9, 0xff, 0xc8, 0xf9, 0xff, 0xa8, 0xf9, 0xff, 0xa8, 0xf9, 0xff, 0xa8, 0xf9, 0xff, 0xa8, 
  0xf9, 0xff, 0xa8, 0xf9, 0xff, 0xc8, 0xf9, 0xff, 0x46, 0xf9, 0xff, 0x10, 0xfc, 0xff, 0xff, 0xf7, 
  0xff, 0xbe, 0xf7, 0xff, 0xbe, 0xf7, 0xff, 0xbe, 0xf7, 0xff, 0xbe, 0xf7, 0xff, 0xbe, 0xf7, 0xff, 
  0xbe, 0xf7, 0xff, 0xbe, 0xf7, 0xff, 0xbe, 0xf7, 0xff, 0xbe, 0xf7, 0xff, 0xff, 0xf7, 0xff, 0x59, 
  0xf6, 0xff, 0x87, 0xf9, 0xff, 0xc8, 0xf9, 0xff, 0xa8, 0xf9, 0xff, 0xa8, 0xf9, 0xff, 0xa8, 0xf9, 
  0xff, 0xa8, 0xf9, 0xff, 0xa8, 0xf9, 0xff, 0xa8, 0xf9, 0xff, 0xa8, 0xf9, 0xff, 0xa8, 0xf9, 0xff, 
  0xa8, 0xf9, 0xff, 0xa8, 0xf9, 0xff, 0xcc, 0xfa, 0xff, 0xf0, 0xfb, 0xff, 0xf4, 0xfc, 0xff, 0xf8, 
  0xfd, 0xff, 0xdb, 0xfe, 0xff, 0x7d, 0xff, 0xff, 0xbe, 0xff, 0xff, 0xbe, 0xff, 0xff, 0x9e, 0xff, 
  0xff, 0x7d, 0xff, 0xff, 0x5d, 0xff, 0xff, 0x3c, 0xff, 0xff, 0x9e, 0xff, 0xff, 0x96, 0xfd, 0xff, 
  0x66, 0xf9, 0xff, 0xc8, 0xf9, 0xff, 0xa8, 0xf9, 0xff, 0xa8, 0xf9, 0xff, 0xa8, 0xf9, 0xff, 0xa8, 
  0xf9, 0xff, 0xa8, 0xf9, 0xff, 0xa8, 0xf9, 0xff, 0xc8, 0xf9, 0xff, 0x67, 0xf9, 0xff, 0x39, 0xf6, 
  0xff, 0xff, 0xf7, 0xff, 0xbe, 0xf7, 0xff, 0xbe, 0xf7, 0xff, 0xbe, 0xf7, 0xff, 0xbe, 0xf7, 0xff, 
  0xbe, 0xf7, 0xff, 0xbe, 0xf7, 0xff, 0xbe, 0xf7, 0xff, 0xbe, 0xf7, 0xff, 0xdf, 0xf7, 0xff, 0x2d, 
  0xfb, 0xff, 0x67, 0xf9, 0xff, 0xc8, 0xf9, 0xff, 0xa8, 0xf9, 0xff, 0xa8, 0xf9, 0xff, 0xa8, 0xf9, 
  0xff, 0xa8, 0xf9, 0xff, 0xa8, 0xf9, 0xff, 0xa8, 0xf9, 0xff, 0xa8, 0xf9, 0xff, 0xc8, 0xf9, 0xff, 
  0x87, 0xf9, 0xff, 0xec, 0xfa, 0xff, 0x7d, 0xff, 0xff, 0xbe, 0xff, 0xff, 0xbe, 0xff, 0xff, 0x9e, 
  0xff, 0xff, 0x7d, 0xff, 0xff, 0x3d, 0xff, 0xff, 0x3c, 0xff, 0xff, 0x3c, 0xff, 0xff, 0x5d, 0xff, 
  0xff, 0x5d, 0xff, 0xff, 0x5d, 0xff, 0xff, 0x5d, 0xff, 0xff, 0xbe, 0xff, 0xff, 0x96, 0xfd, 0xff, 
  0x66, 0xf9, 0xff, 0xc8, 0xf9, 0xff, 0xa8, 0xf9, 0xff, 0xa8, 0xf9, 0xff, 0xa8, 0xf9, 0xff, 0xa8, 
  0xf9, 0xff, 0xa8, 0xf9, 0xff, 0xa8, 0xf9, 0xff, 0xc8, 0xf9, 0xff, 0x67, 0xf9, 0xff, 0x2d, 0xfb, 
  0xff, 0xdf, 0xf7, 0xff, 0xbe, 0xf7, 0xff, 0xbe, 0xf7, 0xff, 0xbe, 0xf7, 0xff, 0xbe, 0xf7, 0xff, 
  0xbe, 0xf7, 0xff, 0xbe, 0xf7, 0xff, 0xbe, 0xf7, 0xff, 0xff, 0xf7, 0xff, 0x39, 0xf6, 0xff, 0x67, 
  0xf9, 0xff, 0xc8, 0xf9, 0xff, 0xa8, 0xf9, 0xff, 0xa8, 0xf9, 0xff, 0xa8, 0xf9, 0xff, 0xa8, 0xf9, 
  0xff, 0xc8, 0xf9, 0xff, 0xc8, 0xf9, 0xff, 0xa8, 0xf9, 0xff, 0xc8, 0xf1, 0xff, 0xe8, 0xf1, 0xff, 
  0x87, 0xf9, 0xff, 0x4e, 0xf3, 0xff, 0x7e, 0xff, 0xff, 0x3c, 0xff, 0xff, 0x3d, 0xff, 0xff, 0x3d, 
  0xff, 0xff, 0x5d, 0xff, 0xff, 0x5d, 0xff, 0xff, 0x5d, 0xff, 0xff, 0x5d, 0xff, 0xff, 0x5d, 0xff, 
  0xff, 0x5d, 0xff, 0xff, 0x5d, 0xff, 0xff, 0x5d, 0xff, 0xff, 0xbe, 0xff, 0xff, 0x96, 0xfd, 0xff, 
  0x66, 0xf9, 0xff, 0xc8, 0xf9, 0xff, 0xa8, 0xf9, 0xff, 0xa8, 0xf9, 0xff, 0xa8, 0xf9, 0xff, 0xa8, 
  0xf9, 0xff, 0xa8, 0xf9, 0xff, 0xa8, 0xf9, 0xff, 0xa8, 0xf9, 0xff, 0xc8, 0xf9, 0xff, 0x67, 0xf9, 
  0xff, 0x38, 0xf6, 0xff, 0xff, 0xf7, 0xff, 0xbe, 0xf7, 0xff, 0xbe, 0xf7, 0xff, 0xbe, 0xf7, 0xff, 
  0xbe, 0xf7, 0xff, 0xbe, 0xf7, 0xff, 0x9e, 0xf7, 0xff, 0xff, 0xf7, 0xff, 0xd0, 0xfb, 0xff, 0x46, 
  0xf9, 0xff, 0xc8, 0xf9, 0xff, 0xa8, 0xf9, 0xff, 0xc8, 0xf1, 0xff, 0xc8, 0xf1, 0xff, 0xc8, 0xf1, 
  0xff, 0xe9, 0xf1, 0xff, 0xe8, 0xf1, 0xff, 0xa8, 0xf9, 0xff, 0xe9, 0xf1, 0xff, 0xe8, 0xf9, 0xff, 
  0x87, 0xf9, 0xff, 0x2d, 0xfb, 0xff, 0x9e, 0xff, 0xff, 0x5d, 0xff, 0xff, 0x5d, 0xff, 0xff, 0x5d, 
  0xff, 0xff, 0x5d, 0xff, 0xff, 0x5d, 0xff, 0xff, 0x5d, 0xff, 0xff, 0x9e, 0xff, 0xff, 0xbe, 0xff, 
  0xff, 0xdf, 0xff, 0xff, 0xbe, 0xff, 0xff, 0x3c, 0xff, 0xff, 0xbe, 0xff, 0xff, 0x96, 0xfd, 0xff, 
  0x66, 0xf9, 0xff, 0xc8, 0xf9, 0xff, 0xa8, 0xf9, 0xff, 0xa8, 0xf9, 0xff, 0xa8, 0xf9, 0xff, 0xa8, 
  0xf9, 0xff, 0xa8, 0xf9, 0xff, 0xa8, 0xf9, 0xff, 0xa8, 0xf9, 0xff, 0xc8, 0xf9, 0xff, 0x46, 0xf9, 
  0xff, 0xaf, 0xfb, 0xff, 0xff, 0xf7, 0xff, 0x7e, 0xf7, 0xff, 0x9e, 0xf7, 0xff, 0x7d, 0xef, 0xff, 
  0xbe, 0xf7, 0xff, 0xbe, 0xf7, 0xff, 0xdf, 0xf7, 0xff, 0x5d, 0xf7, 0xff, 0x09, 0xfa, 0xff, 0xc8, 
  0xf9, 0xff, 0x09, 0xf2, 0xff, 0xc8, 0xf1, 0xff, 0x09, 0xf2, 0xff, 0x09, 0xf2, 0xff, 0xc8, 0xf1, 
  0xff, 0xe8, 0xf1, 0xff, 0xe8, 0xf1, 0xff, 0xa8, 0xf9, 0xff, 0xc8, 0xf9, 0xff, 0xc8, 0xf9, 0xff, 
  0x66, 0xf9, 0xff, 0x2d, 0xfb, 0xff, 0x9e, 0xff, 0xff, 0x5d, 0xff, 0xff, 0x7e, 0xff, 0xff, 0xbe, 
  0xff, 0xff, 0xdf, 0xff, 0xff, 0xbe, 0xff, 0xff, 0x5d, 0xff, 0xff, 0x9a, 0xee, 0xff, 0x96, 0xe5, 
  0xff, 0x51, 0xdc, 0xff, 0x0d, 0xd3, 0xff, 0x09, 0xca, 0xff, 0xba, 0xf6, 0xff, 0xd7, 0xfd, 0xff, 
  0x46, 0xf9, 0xff, 0xc8, 0xf9, 0xff, 0xa8, 0xf9, 0xff, 0xa8, 0xf9, 0xff, 0xa8, 0xf9, 0xff, 0xa8, 
  0xf9, 0xff, 0xa8, 0xf9, 0xff, 0xa8, 0xf9, 0xff, 0xa8, 0xf9, 0xff, 0xc8, 0xf9, 0xff, 0xe8, 0xf1, 
  0xff, 0x29, 0xf2, 0xff, 0x1c, 0xf7, 0xff, 0x9e, 0xef, 0xff, 0x9e, 0xf7, 0xff, 0x9e, 0xf7, 0xff, 
  0xbe, 0xf7, 0xff, 0x9e, 0xf7, 0xff, 0xff, 0xf7, 0xff, 0xd7, 0xf5, 0xff, 0x66, 0xf9, 0xff, 0x09, 
  0xf2, 0xff, 0x09, 0xf2, 0xff, 0xe8, 0xf1, 0xff, 0xc8, 0xf1, 0xff, 0xe8, 0xf1, 0xff, 0xc8, 0xf9, 
  0xff, 0xc8, 0xf9, 0xff, 0xa8, 0xf9, 0xff, 0xa8, 0xf9, 0xff, 0xa8, 0xf9, 0xff, 0xc8, 0xf9, 0xff, 
  0x67, 0xf9, 0xff, 0x2d, 0xfb, 0xff, 0x9e, 0xff, 0xff, 0x7d, 0xff, 0xff, 0xdb, 0xf6, 0xff, 0xd7, 
  0xe5, 0xff, 0xb3, 0xdc, 0xff, 0x6e, 0xd3, 0xff, 0x4a, 0xd2, 0xff, 0x87, 0xd1, 0xff, 0x46, 0xd9, 
  0xff, 0x26, 0xe9, 0xff, 0x66, 0xf1, 0xff, 0x46, 0xf9, 0xff, 0x59, 0xfe, 0xff, 0xf7, 0xfd, 0xff, 
  0x46, 0xf9, 0xff, 0xc8, 0xf9, 0xff, 0xa8, 0xf9, 0xff, 0xa8, 0xf9, 0xff, 0xa8, 0xf9, 0xff, 0xa8, 
  0xf9, 0xff, 0xa8, 0xf9, 0xff, 0xa8, 0xf9, 0xff, 0xa8, 0xf9, 0xff, 0xe8, 0xf1, 0xff, 0x29, 0xf2, 
  0xff, 0xa7, 0xf1, 0xff, 0xb7, 0xf5, 0xff, 0xdf, 0xef, 0xff, 0x9e, 0xf7, 0xff, 0xbe, 0xf7, 0xff, 
  0xbe, 0xf7, 0xff, 0x9e, 0xf7, 0xff, 0xff, 0xf7, 0xff, 0x72, 0xfc, 0xff, 0x46, 0xf9, 0xff, 0xe8, 
  0xf9, 0xff, 0xe8, 0xf1, 0xff, 0xc8, 0xf9, 0xff, 0xa8, 0xf9, 0xff, 0xa8, 0xf9, 0xff, 0xa8, 0xf9, 
  0xff, 0xa8, 0xf9, 0xff, 0xa8, 0xf9, 0xff, 0xa8, 0xf9, 0xff, 0xa8, 0xf9, 0xff, 0xc8, 0xf9, 0xff, 
  0x67, 0xf9, 0xff, 0x2d, 0xfb, 0xff, 0xdf, 0xff, 0xff, 0xcf, 0xdb, 0xff, 0x87, 0xd1, 0xff, 0x66, 
  0xd9, 0xff, 0x26, 0xe1, 0xff, 0x46, 0xf1, 0xff, 0x87, 0xf9, 0xff, 0xa8, 0xf9, 0xff, 0xc8, 0xf9, 
  0xff, 0xc8, 0xf9, 0xff, 0xc8, 0xf9, 0xff, 0x67, 0xf9, 0xff, 0x79, 0xfe, 0xff, 0xd7, 0xfd, 0xff, 
  0x46, 0xf9, 0xff, 0xc8, 0xf9, 0xff, 0xa8, 0xf9, 0xff, 0xa8, 0xf9, 0xff, 0xa8, 0xf9, 0xff, 0xa8, 
  0xf9, 0xff, 0xa8, 0xf9, 0xff, 0xa8, 0xf9, 0xff, 0xa8, 0xf9, 0xff, 0xc8, 0xf9, 0xff, 0xe9, 0xf1, 
  0xff, 0x66, 0xf9, 0xff, 0x52, 0xf4, 0xff, 0xff, 0xf7, 0xff, 0x9e, 0xf7, 0xff, 0xbe, 0xf7, 0xff, 
  0xbe, 0xf7, 0xff, 0xbe, 0xf7, 0xff, 0xff, 0xf7, 0xff, 0x4e, 0xfb, 0xff, 0x66, 0xf9, 0xff, 0xc8, 
  0xf9, 0xff, 0xa8, 0xf9, 0xff, 0xa8, 0xf9, 0xff, 0xa8, 0xf9, 0xff, 0xa8, 0xf9, 0xff, 0xa8, 0xf9, 
  0xff, 0xa8, 0xf9, 0xff, 0xa8, 0xf9, 0xff, 0xa8, 0xf9, 0xff, 0xa8, 0xf9, 0xff, 0xc8, 0xf9, 0xff, 
  0x67, 0xf9, 0xff, 0x2d, 0xfb, 0xff, 0xdf, 0xff, 0xff, 0xcc, 0xfa, 0xff, 0x66, 0xf9, 0xff, 0xe8, 
  0xf9, 0xff, 0xc8, 0xf9, 0xff, 0xc8, 0xf9, 0xff, 0xc8, 0xf9, 0xff, 0xa8, 0xf9, 0xff, 0xa8, 0xf9, 
  0xff, 0xa8, 0xf9, 0xff, 0xc8, 0xf9, 0xff, 0x67, 0xf9, 0xff, 0x59, 0xfe, 0xff, 0xd7, 0xfd, 0xff, 
  0x46, 0xf9, 0xff, 0xc8, 0xf9, 0xff, 0xa8, 0xf9, 0xff, 0xa8, 0xf9, 0xff, 0xa8, 0xf9, 0xff, 0xa8, 
  0xf9, 0xff, 0xa8, 0xf9, 0xff, 0xa8, 0xf9, 0xff, 0xa8, 0xf9, 0xff, 0xa8, 0xf9, 0xff, 0xc8, 0xf9, 
  0xff, 0x66, 0xf9, 0xff, 0x4e, 0xfb, 0xff, 0xff, 0xf7, 0xff, 0xbe, 0xf7, 0xff, 0xbe, 0xf7, 0xff, 
  0xbe, 0xf7, 0xff, 0xbe, 0xf7, 0xff, 0xbe, 0xf7, 0xff, 0x8b, 0xfa, 0xff, 0x87, 0xf9, 0xff, 0xc8, 
  0xf9, 0xff, 0xa8, 0xf9, 0xff, 0xa8, 0xf9, 0xff, 0xa8, 0xf9, 0xff, 0xa8, 0xf9, 0xff, 0xa8, 0xf9, 
  0xff, 0xa8, 0xf9, 0xff, 0xa8, 0xf9, 0xff, 0xa8, 0xf9, 0xff, 0xa8, 0xf9, 0xff, 0xc8, 0xf9, 0xff, 
  0x67, 0xf9, 0xff, 0x2d, 0xfb, 0xff, 0xdf, 0xff, 0xff, 0x0d, 0xfb, 0xff, 0x67, 0xf9, 0xff, 0xc8, 
  0xf9, 0xff, 0xa8, 0xf9, 0xff, 0xa8, 0xf9, 0xff, 0xa8, 0xf9, 0xff, 0xa8, 0xf9, 0xff, 0xa8, 0xf9, 
  0xff, 0xa8, 0xf9, 0xff, 0xc8, 0xf9, 0xff, 0x67, 0xf9, 0xff, 0x59, 0xfe, 0xff, 0xd7, 0xfd, 0xff, 
  0x46, 0xf9, 0xff, 0xc8, 0xf9, 0xff, 0xa8, 0xf9, 0xff, 0xa8, 0xf9, 0xff, 0xa8, 0xf9, 0xff, 0xa8, 
  0xf9, 0xff, 0xa8, 0xf9, 0xff, 0xa8, 0xf9, 0xff, 0xa8, 0xf9, 0xff, 0xa8, 0xf9, 0xff, 0xc8, 0xf9, 
  0xff, 0x87, 0xf9, 0xff, 0x8b, 0xfa, 0xff, 0xbe, 0xf7, 0xff, 0xbe, 0xf7, 0xff, 0xbe, 0xf7, 0xff, 
  0xbe, 0xf7, 0xff, 0xdf, 0xf7, 0xff, 0x5d, 0xf7, 0xff, 0x29, 0xfa, 0xff, 0x87, 0xf9, 0xff, 0xc8, 
  0xf9, 0xff, 0xa8, 0xf9, 0xff, 0xa8, 0xf9, 0xff, 0xa8, 0xf9, 0xff, 0xa8, 0xf9, 0xff, 0xa8, 0xf9, 
  0xff, 0xa8, 0xf9, 0xff, 0xa8, 0xf9, 0xff, 0xa8, 0xf9, 0xff, 0xa8, 0xf9, 0xff, 0xc8, 0xf9, 0xff, 
  0x67, 0xf9, 0xff, 0x2d, 0xfb, 0xff, 0xdf, 0xff, 0xff, 0xec, 0xfa, 0xff, 0x67, 0xf9, 0xff, 0xc8, 
  0xf9, 0xff, 0xa8, 0xf9, 0xff, 0xa8, 0xf9, 0xff, 0xa8, 0xf9, 0xff, 0xa8, 0xf9, 0xff, 0xa8, 0xf9, 
  0xff, 0xa8, 0xf9, 0xff, 0xc8, 0xf9, 0xff, 0x67, 0xf9, 0xff, 0x59, 0xfe, 0xff, 0xd7, 0xfd, 0xff, 
  0x46, 0xf9, 0xff, 0xc8, 0xf9, 0xff, 0xa8, 0xf9, 0xff, 0xa8, 0xf9, 0xff, 0xa8, 0xf9, 0xff, 0xa8, 
  0xf9, 0xff, 0xa8, 0xf9, 0xff, 0xa8, 0xf9, 0xff, 0xa8, 0xf9, 0xff, 0xa8, 0xf9, 0xff, 0xc8, 0xf9, 
  0xff, 0xa7, 0xf9, 0xff, 0x29, 0xfa, 0xff, 0x5d, 0xf7, 0xff, 0xdf, 0xf7, 0xff, 0xbe, 0xf7, 0xff, 
  0xbe, 0xf7, 0xff, 0xdf, 0xf7, 0xff, 0x3c, 0xf7, 0xff, 0x09, 0xfa, 0xff, 0xa7, 0xf9, 0xff, 0xc8, 
  0xf9, 0xff, 0xa8, 0xf9, 0xff, 0xa8, 0xf9, 0xff, 0xa8, 0xf9, 0xff, 0xa8, 0xf9, 0xff, 0xa8, 0xf9, 
  0xff, 0xa8, 0xf9, 0xff, 0xa8, 0xf9, 0xff, 0xa8, 0xf9, 0xff, 0xa8, 0xf9, 0xff, 0xc8, 0xf9, 0xff, 
  0x67, 0xf9, 0xff, 0x2d, 0xfb, 0xff, 0xdf, 0xff, 0xff, 0xec, 0xfa, 0xff, 0x67, 0xf9, 0xff, 0xc8, 
  0xf9, 0xff, 0xa8, 0xf9, 0xff, 0xa8, 0xf9, 0xff, 0xa8, 0xf9, 0xff, 0xa8, 0xf9, 0xff, 0xa8, 0xf9, 
  0xff, 0xa8, 0xf9, 0xff, 0xc8, 0xf9, 0xff, 0x67, 0xf9, 0xff, 0x59, 0xfe, 0xff, 0xd7, 0xfd, 0xff, 
  0x46, 0xf9, 0xff, 0xc8, 0xf9, 0xff, 0xa8, 0xf9, 0xff, 0xa8, 0xf9, 0xff, 0xa8, 0xf9, 0xff, 0xa8, 
  0xf9, 0xff, 0xa8, 0xf9, 0xff, 0xa8, 0xf9, 0xff, 0xa8, 0xf9, 0xff, 0xa8, 0xf9, 0xff, 0xc8, 0xf9, 
  0xff, 0xa7, 0xf9, 0xff, 0xe9, 0xf9, 0xff, 0x1c, 0xf7, 0xff, 0xdf, 0xf7, 0xff, 0xbe, 0xf7, 0xff, 
  0xbe, 0xf7, 0xff, 0xdf, 0xf7, 0xff, 0x3c, 0xf7, 0xff, 0x09, 0xfa, 0xff, 0xa7, 0xf9, 0xff, 0xc8, 
  0xf9, 0xff, 0xa8, 0xf9, 0xff, 0xa8, 0xf9, 0xff, 0xa8, 0xf9, 0xff, 0xa8, 0xf9, 0xff, 0xa8, 0xf9, 
  0xff, 0xa8, 0xf9, 0xff, 0xa8, 0xf9, 0xff, 0xa8, 0xf9, 0xff, 0xa8, 0xf9, 0xff, 0xc8, 0xf9, 0xff, 
  0x67, 0xf9, 0xff, 0x2d, 0xfb, 0xff, 0xdf, 0xff, 0xff, 0xec, 0xfa, 0xff, 0x67, 0xf9, 0xff, 0xc8, 
  0xf9, 0xff, 0xa8, 0xf9, 0xff, 0xa8, 0xf9, 0xff, 0xa8, 0xf9, 0xff, 0xa8, 0xf9, 0xff, 0xa8, 0xf9, 
  0xff, 0xa8, 0xf9, 0xff, 0xc8, 0xf9, 0xff, 0x67, 0xf9, 0xff, 0x59, 0xfe, 0xff, 0xd7, 0xfd, 0xff, 
  0x46, 0xf9, 0xff, 0xc8, 0xf9, 0xff, 0xa8, 0xf9, 0xff, 0xa8, 0xf9, 0xff, 0xa8, 0xf9, 0xff, 0xa8, 
  0xf9, 0xff, 0xa8, 0xf9, 0xff, 0xa8, 0xf9, 0xff, 0xa8, 0xf9, 0xff, 0xa8, 0xf9, 0xff, 0xc8, 0xf9, 
  0xff, 0xa7, 0xf9, 0xff, 0xe9, 0xf9, 0xff, 0x1c, 0xf7, 0xff, 0xdf, 0xf7, 0xff, 0xbe, 0xf7, 0xff, 
  0xbe, 0xf7, 0xff, 0xdf, 0xf7, 0xff, 0x5d, 0xf7, 0xff, 0x29, 0xfa, 0xff, 0x87, 0xf9, 0xff, 0xc8, 
  0xf9, 0xff, 0xa8, 0xf9, 0xff, 0xa8, 0xf9, 0xff, 0xa8, 0xf9, 0xff, 0xa8, 0xf9, 0xff, 0xa8, 0xf9, 
  0xff, 0xa8, 0xf9, 0xff, 0xa8, 0xf9, 0xff, 0xa8, 0xf9, 0xff, 0xa8, 0xf9, 0xff, 0xc8, 0xf9, 0xff, 
  0x67, 0xf9, 0xff, 0x2d, 0xfb, 0xff, 0xdf, 0xff, 0xff, 0xec, 0xfa, 0xff, 0x67, 0xf9, 0xff, 0xc8, 
  0xf9, 0xff, 0xa8, 0xf9, 0xff, 0xa8, 0xf9, 0xff, 0xa8, 0xf9, 0xff, 0xa8, 0xf9, 0xff, 0xc8, 0xf9, 
  0xff, 0xc8, 0xf9, 0xff, 0xc8, 0xf9, 0xff, 0x87, 0xf9, 0xff, 0x59, 0xfe, 0xff, 0xd7, 0xfd, 0xff, 
  0x46, 0xf9, 0xff, 0xc8, 0xf9, 0xff, 0xa8, 0xf9, 0xff, 0xa8, 0xf9, 0xff, 0xa8, 0xf9, 0xff, 0xa8, 
  0xf9, 0xff, 0xa8, 0xf9, 0xff, 0xa8, 0xf9, 0xff, 0xa8, 0xf9, 0xff, 0xa8, 0xf9, 0xff, 0xc8, 0xf9, 
  0xff, 0xa7, 0xf9, 0xff, 0x29, 0xfa, 0xff, 0x5d, 0xf7, 0xff, 0xdf, 0xf7, 0xff, 0xbe, 0xf7, 0xff, 
  0xbe, 0xf7, 0xff, 0xbe, 0xf7, 0xff, 0xbe, 0xf7, 0xff, 0x8b, 0xfa, 0xff, 0x87, 0xf9, 0xff, 0xc8, 
  0xf9, 0xff, 0xa8, 0xf9, 0xff, 0xa8, 0xf9, 0xff, 0xa8, 0xf9, 0xff, 0xa8, 0xf9, 0xff, 0xa8, 0xf9, 
  0xff, 0xa8, 0xf9, 0xff, 0xa8, 0xf9, 0xff, 0xa8, 0xf9, 0xff, 0xa8, 0xf9, 0xff, 0xc8, 0xf9, 0xff, 
  0x67, 0xf9, 0xff, 0x2d, 0xfb, 0xff, 0xdf, 0xff, 0xff, 0xec, 0xfa, 0xff, 0x67, 0xf9, 0xff, 0xc8, 
  0xf9, 0xff, 0xa8, 0xf9, 0xff, 0xa8, 0xf9, 0xff, 0xc8, 0xf9, 0xff, 0xc8, 0xf9, 0xff, 0x87, 0xf9, 
  0xff, 0x67, 0xf9, 0xff, 0x67, 0xf9, 0xff, 0x26, 0xf9, 0xff, 0x79, 0xfe, 0xff, 0xd7, 0xfd, 0xff, 
  0x46, 0xf9, 0xff, 0xc8, 0xf9, 0xff, 0xa8, 0xf9, 0xff, 0xa8, 0xf9, 0xff, 0xa8, 0xf9, 0xff, 0xa8, 
  0xf9, 0xff, 0xa8, 0xf9, 0xff, 0xa8, 0xf9, 0xff, 0xa8, 0xf9, 0xff, 0xa8, 0xf9, 0xff, 0xc8, 0xf9, 
  0xff, 0x87, 0xf9, 0xff, 0x8b, 0xfa, 0xff, 0x9e, 0xf7, 0xff, 0xbe, 0xf7, 0xff, 0xbe, 0xf7, 0xff, 
  0xbe, 0xf7, 0xff, 0xbe, 0xf7, 0xff, 0xff, 0xf7, 0xff, 0x4e, 0xfb, 0xff, 0x67, 0xf9, 0xff, 0xc8, 
  0xf9, 0xff, 0xa8, 0xf9, 0xff, 0xa8, 0xf9, 0xff, 0xa8, 0xf9, 0xff, 0xa8, 0xf9, 0xff, 0xa8, 0xf9, 
  0xff, 0xa8, 0xf9, 0xff, 0xa8, 0xf9, 0xff, 0xa8, 0xf9, 0xff, 0xa8, 0xf9, 0xff, 0xc8, 0xf9, 0xff, 
  0x67, 0xf9, 0xff, 0x2d, 0xfb, 0xff, 0xdf, 0xff, 0xff, 0xec, 0xfa, 0xff, 0x67, 0xf9, 0xff, 0xc8, 
  0xf9, 0xff, 0xa8, 0xf9, 0xff, 0xc8, 0xf9, 0xff, 0x87, 0xf9, 0xff, 0x87, 0xf9, 0xff, 0xab, 0xfa, 
  0xff, 0x2d, 0xfb, 0xff, 0x2d, 0xfb, 0xff, 0xf0, 0xfb, 0xff, 0x7d, 0xff, 0xff, 0xb7, 0xfd, 0xff, 
  0x66, 0xf9, 0xff, 0xc8, 0xf9, 0xff, 0xa8, 0xf9, 0xff, 0xa8, 0xf9, 0xff, 0xa8, 0xf9, 0xff, 0xa8, 
  0xf9, 0xff, 0xa8, 0xf9, 0xff, 0xa8, 0xf9, 0xff, 0xa8, 0xf9, 0xff, 0xa8, 0xf9, 0xff, 0xc8, 0xf9, 
  0xff, 0x67, 0xf9, 0xff, 0x2d, 0xfb, 0xff, 0xff, 0xf7, 0xff, 0xbe, 0xf7, 0xff, 0xbe, 0xf7, 0xff, 
  0xbe, 0xf7, 0xff, 0x9e, 0xf7, 0xff, 0xff, 0xf7, 0xff, 0x72, 0xfc, 0xff, 0x46, 0xf9, 0xff, 0xc8, 
  0xf9, 0xff, 0xa8, 0xf9, 0xff, 0xa8, 0xf9, 0xff, 0xa8, 0xf9, 0xff, 0xa8, 0xf9, 0xff, 0xa8, 0xf9, 
  0xff, 0xa8, 0xf9, 0xff, 0xc8, 0xf9, 0xff, 0xc8, 0xf9, 0xff, 0xa8, 0xf9, 0xff, 0xc8, 0xf9, 0xff, 
  0x66, 0xf9, 0xff, 0x0d, 0xfb, 0xff, 0xdf, 0xff, 0xff, 0xec, 0xfa, 0xff, 0x67, 0xf9, 0xff, 0xc8, 
  0xf9, 0xff, 0xc8, 0xf9, 0xff, 0x87, 0xf9, 0xff, 0x4a, 0xfa, 0xff, 0x18, 0xfe, 0xff, 0x7d, 0xff, 
  0xff, 0x9e, 0xff, 0xff, 0x9e, 0xff, 0xff, 0x9e, 0xff, 0xff, 0xdf, 0xff, 0xff, 0x96, 0xfd, 0xff, 
  0x66, 0xf9, 0xff, 0xc8, 0xf9, 0xff, 0xa8, 0xf9, 0xff, 0xa8, 0xf9, 0xff, 0xa8, 0xf9, 0xff, 0xa8, 
  0xf9, 0xff, 0xa8, 0xf9, 0xff, 0xa8, 0xf9, 0xff, 0xa8, 0xf9, 0xff, 0xa8, 0xf9, 0xff, 0xc8, 0xf9, 
  0xff, 0x46, 0xf9, 0xff, 0x51, 0xfc, 0xff, 0xff, 0xf7, 0xff, 0x9e, 0xf7, 0xff, 0xbe, 0xf7, 0xff, 
  0xbe, 0xf7, 0xff, 0x9e, 0xf7, 0xff, 0xff, 0xf7, 0xff, 0xd7, 0xf5, 0xff, 0x66, 0xf9, 0xff, 0xc8, 
  0xf9, 0xff, 0xa8, 0xf9, 0xff, 0xa8, 0xf9, 0xff, 0xa8, 0xf9, 0xff, 0xa8, 0xf9, 0xff, 0xa8, 0xf9, 
  0xff, 0xc8, 0xf9, 0xff, 0x87, 0xf9, 0xff, 0x46, 0xf9, 0xff, 0xa7, 0xf9, 0xff, 0xc8, 0xf9, 0xff, 
  0x87, 0xf9, 0xff, 0x31, 0xfc, 0xff, 0xdf, 0xff, 0xff, 0xec, 0xfa, 0xff, 0x67, 0xf9, 0xff, 0xc8, 
  0xf9, 0xff, 0xc8, 0xf9, 0xff, 0x46, 0xf9, 0xff, 0x14, 0xfd, 0xff, 0xff, 0xff, 0xff, 0x5d, 0xff, 
  0xff, 0x5d, 0xff, 0xff, 0x5d, 0xff, 0xff, 0x3d, 0xff, 0xff, 0xbe, 0xff, 0xff, 0x96, 0xfd, 0xff, 
  0x66, 0xf9, 0xff, 0xc8, 0xf9, 0xff, 0xa8, 0xf9, 0xff, 0xa8, 0xf9, 0xff, 0xa8, 0xf9, 0xff, 0xa8, 
  0xf9, 0xff, 0xa8, 0xf9, 0xff, 0xa8, 0xf9, 0xff, 0xa8, 0xf9, 0xff, 0xa8, 0xf9, 0xff, 0xc8, 0xf9, 
  0xff, 0x66, 0xf9, 0xff, 0xb7, 0xf5, 0xff, 0xff, 0xf7, 0xff, 0x9e, 0xf7, 0xff, 0xbe, 0xf7, 0xff, 
  0xbe, 0xf7, 0xff, 0xbe, 0xf7, 0xff, 0xdf, 0xf7, 0xff, 0x3c, 0xf7, 0xff, 0x09, 0xfa, 0xff, 0xa7, 
  0xf9, 0xff, 0xc8, 0xf9, 0xff, 0xa8, 0xf9, 0xff, 0xa8, 0xf9, 0xff, 0xa8, 0xf9, 0xff, 0xc8, 0xf9, 
  0xff, 0x87, 0xf9, 0xff, 0x6a, 0xfa, 0xff, 0x55, 0xfd, 0xff, 0x59, 0xfe, 0xff, 0x7a, 0xfe, 0xff, 
  0x9a, 0xfe, 0xff, 0x5d, 0xff, 0xff, 0x9e, 0xff, 0xff, 0x0d, 0xfb, 0xff, 0x67, 0xf9, 0xff, 0xc8, 
  0xf9, 0xff, 0xc8, 0xf9, 0xff, 0x67, 0xf9, 0xff, 0xd7, 0xfd, 0xff, 0x9e, 0xff, 0xff, 0x3d, 0xff, 
  0xff, 0x5d, 0xff, 0xff, 0x5d, 0xff, 0xff, 0x3d, 0xff, 0xff, 0xbe, 0xff, 0xff, 0xb7, 0xfd, 0xff, 
  0x66, 0xf9, 0xff, 0xc8, 0xf9, 0xff, 0xa8, 0xf9, 0xff, 0xa8, 0xf9, 0xff, 0xa8, 0xf9, 0xff, 0xa8, 
  0xf9, 0xff, 0xa8, 0xf9, 0xff, 0xa8, 0xf9, 0xff, 0xa8, 0xf9, 0xff, 0xc8, 0xf9, 0xff, 0xa7, 0xf9, 
  0xff, 0x09, 0xfa, 0xff, 0x3c, 0xf7, 0xff, 0xdf, 0xf7, 0xff, 0xbe, 0xf7, 0xff, 0xbe, 0xf7, 0xff, 
  0xbe, 0xf7, 0xff, 0xbe, 0xf7, 0xff, 0x9e, 0xf7, 0xff, 0xff, 0xf7, 0xff, 0xaf, 0xfb, 0xff, 0x46, 
  0xf9, 0xff, 0xc8, 0xf9, 0xff, 0xa8, 0xf9, 0xff, 0xa8, 0xf9, 0xff, 0xc8, 0xf9, 0xff, 0xa8, 0xf9, 
  0xff, 0xe8, 0xf9, 0xff, 0x9a, 0xfe, 0xff, 0xff, 0xff, 0xff, 0x9e, 0xff, 0xff, 0x9e, 0xff, 0xff, 
  0x9e, 0xff, 0xff, 0x5d, 0xff, 0xff, 0x9e, 0xff, 0xff, 0x0d, 0xfb, 0xff, 0x67, 0xf9, 0xff, 0xc8, 
  0xf9, 0xff, 0xc8, 0xf9, 0xff, 0x46, 0xf9, 0xff, 0x92, 0xec, 0xff, 0xff, 0xff, 0xff, 0x7d, 0xff, 
  0xff, 0x7d, 0xff, 0xff, 0x7d, 0xff, 0xff, 0x9e, 0xff, 0xff, 0xff, 0xff, 0xff, 0xf0, 0xeb, 0xff, 
  0x66, 0xf9, 0xff, 0xc8, 0xf9, 0xff, 0xa8, 0xf9, 0xff, 0xa8, 0xf9, 0xff, 0xa8, 0xf9, 0xff, 0xa8, 
  0xf9, 0xff, 0xa8, 0xf9, 0xff, 0xa8, 0xf9, 0xff, 0xa8, 0xf9, 0xff, 0xc8, 0xf9, 0xff, 0x46, 0xf9, 
  0xff, 0xaf, 0xfb, 0xff, 0xff, 0xf7, 0xff, 0xbe, 0xf7, 0xff, 0xbe, 0xf7, 0xff, 0xbe, 0xf7, 0xff, 
  0xbe, 0xf7, 0xff, 0xbe, 0xf7, 0xff, 0xbe, 0xf7, 0xff, 0xff, 0xf7, 0xff, 0x18, 0xf6, 0xff, 0x67, 
  0xf9, 0xff, 0xc8, 0xf9, 0xff, 0xa8, 0xf9, 0xff, 0xa8, 0xf9, 0xff, 0xc8, 0xf9, 0xff, 0x67, 0xf9, 
  0xff, 0xec, 0xfa, 0xff, 0x9e, 0xff, 0xff, 0x3d, 0xff, 0xff, 0x5d, 0xff, 0xff, 0x5d, 0xff, 0xff, 
  0x5d, 0xff, 0xff, 0x5d, 0xff, 0xff, 0x9e, 0xff, 0xff, 0x0d, 0xfb, 0xff, 0x67, 0xf9, 0xff, 0xc8, 
  0xf9, 0xff, 0xa8, 0xf9, 0xff, 0xa8, 0xf9, 0xff, 0xa7, 0xe1, 0xff, 0xd3, 0xdc, 0xff, 0xdb, 0xf6, 
  0xff, 0x3c, 0xff, 0xff, 0x3c, 0xff, 0xff, 0x9a, 0xee, 0xff, 0xf0, 0xd3, 0xff, 0x67, 0xe9, 0xff, 
  0xc8, 0xf9, 0xff, 0xa8, 0xf9, 0xff, 0xa8, 0xf9, 0xff, 0xa8, 0xf9, 0xff, 0xa8, 0xf9, 0xff, 0xa8, 
  0xf9, 0xff, 0xa8, 0xf9, 0xff, 0xa8, 0xf9, 0xff, 0xa8, 0xf9, 0xff, 0xc8, 0xf9, 0xff, 0x67, 0xf9, 
  0xff, 0x18, 0xf6, 0xff, 0xff, 0xf7, 0xff, 0xbe, 0xf7, 0xff, 0xbe, 0xf7, 0xff, 0xbe, 0xf7, 0xff, 
  0xbe, 0xf7, 0xff, 0xbe, 0xf7, 0xff, 0xbe, 0xf7, 0xff, 0xbe, 0xf7, 0xff, 0xdf, 0xf7, 0xff, 0x0d, 
  0xfb, 0xff, 0x67, 0xf9, 0xff, 0xc8, 0xf9, 0xff, 0xa8, 0xf9, 0xff, 0xc8, 0xf9, 0xff, 0x87, 0xf9, 
  0xff, 0x8b, 0xf2, 0xff, 0x9e, 0xff, 0xff, 0x7d, 0xff, 0xff, 0x3d, 0xff, 0xff, 0x5d, 0xff, 0xff, 
  0x3d, 0xff, 0xff, 0x7e, 0xff, 0xff, 0x7d, 0xff, 0xff, 0x6a, 0xf2, 0xff, 0x87, 0xf9, 0xff, 0xc8, 
  0xf9, 0xff, 0xa8, 0xf9, 0xff, 0xc8, 0xf9, 0xff, 0xa8, 0xf9, 0xff, 0x26, 0xe1, 0xff, 0xa7, 0xd1, 
  0xff, 0x29, 0xd2, 0xff, 0x09, 0xd2, 0xff, 0x87, 0xd1, 0xff, 0x46, 0xe9, 0xff, 0xc8, 0xf9, 0xff, 
  0xa8, 0xf9, 0xff, 0xa8, 0xf9, 0xff, 0xa8, 0xf9, 0xff, 0xa8, 0xf9, 0xff, 0xa8, 0xf9, 0xff, 0xa8, 
  0xf9, 0xff, 0xa8, 0xf9, 0xff, 0xa8, 0xf9, 0xff, 0xc8, 0xf9, 0xff, 0x67, 0xf9, 0xff, 0x0d, 0xfb, 
  0xff, 0xdf, 0xf7, 0xff, 0xbe, 0xf7, 0xff, 0xbe, 0xf7, 0xff, 0xbe, 0xf7, 0xff, 0xbe, 0xf7, 0xff, 
  0xbe, 0xf7, 0xff, 0xbe, 0xf7, 0xff, 0xbe, 0xf7, 0xff, 0xbe, 0xf7, 0xff, 0xff, 0xf7, 0xff, 0x39, 
  0xf6, 0xff, 0x67, 0xf9, 0xff, 0xc8, 0xf9, 0xff, 0xa8, 0xf9, 0xff, 0xa8, 0xf9, 0xff, 0xc8, 0xf9, 
  0xff, 0x67, 0xf1, 0xff, 0xb3, 0xdc, 0xff, 0xbe, 0xff, 0xff, 0xbf, 0xff, 0xff, 0xdf, 0xff, 0xff, 
  0xdf, 0xff, 0xff, 0x5d, 0xf7, 0xff, 0xf0, 0xdb, 0xff, 0x67, 0xf1, 0xff, 0xc8, 0xf9, 0xff, 0xa8, 
  0xf9, 0xff, 0xa8, 0xf9, 0xff, 0xa8, 0xf9, 0xff, 0xc8, 0xf9, 0xff, 0xc8, 0xf9, 0xff, 0xa8, 0xf9, 
  0xff, 0x87, 0xf9, 0xff, 0x87, 0xf9, 0xff, 0xa8, 0xf9, 0xff, 0xc8, 0xf9, 0xff, 0xa8, 0xf9, 0xff, 
  0xa8, 0xf9, 0xff, 0xa8, 0xf9, 0xff, 0xa8, 0xf9, 0xff, 0xa8, 0xf9, 0xff, 0xa8, 0xf9, 0xff, 0xa8, 
  0xf9, 0xff, 0xa8, 0xf9, 0xff, 0xa8, 0xf9, 0xff, 0xc8, 0xf9, 0xff, 0x67, 0xf9, 0xff, 0x38, 0xf6, 
  0xff, 0xff, 0xf7, 0xff, 0xbe, 0xf7, 0xff, 0xbe, 0xf7, 0xff, 0xbe, 0xf7, 0xff, 0xbe, 0xf7, 0xff, 
  0xbe, 0xf7, 0xff, 0xbe, 0xf7, 0xff, 0xbe, 0xf7, 0xff, 0xbe, 0xf7, 0xff, 0xbe, 0xf7, 0xff, 0xff, 
  0xf7, 0xff, 0xf0, 0xfb, 0xff, 0x46, 0xf9, 0xff, 0xc8, 0xf9, 0xff, 0xa8, 0xf9, 0xff, 0xa8, 0xf9, 
  0xff, 0xa8, 0xf9, 0xff, 0x66, 0xe1, 0xff, 0x8b, 0xca, 0xff, 0xcf, 0xd3, 0xff, 0xf0, 0xd3, 0xff, 
  0xaf, 0xd3, 0xff, 0x29, 0xd2, 0xff, 0x46, 0xe9, 0xff, 0xc8, 0xf9, 0xff, 0xa8, 0xf9, 0xff, 0xa8, 
  0xf9, 0xff, 0xa8, 0xf9, 0xff, 0xa8, 0xf9, 0xff, 0xa8, 0xf9, 0xff, 0xa8, 0xf9, 0xff, 0xa8, 0xf9, 
  0xff, 0xc8, 0xf9, 0xff, 0xc8, 0xf9, 0xff, 0xa8, 0xf9, 0xff, 0xa8, 0xf9, 0xff, 0xa8, 0xf9, 0xff, 
  0xa8, 0xf9, 0xff, 0xa8, 0xf9, 0xff, 0xa8, 0xf9, 0xff, 0xa8, 0xf9, 0xff, 0xa8, 0xf9, 0xff, 0xa8, 
  0xf9, 0xff, 0xa8, 0xf9, 0xff, 0xc8, 0xf9, 0xff, 0x46, 0xf9, 0xff, 0xf0, 0xfb, 0xff, 0xff, 0xf7, 
  0xff, 0xbe, 0xf7, 0xff, 0xbe, 0xf7, 0xff, 0xbe, 0xf7, 0xff, 0xbe, 0xf7, 0xff, 0xbe, 0xf7, 0xff, 
  0xbe, 0xf7, 0xff, 0xbe, 0xf7, 0xff, 0xbe, 0xf7, 0xff, 0xbe, 0xf7, 0xff, 0xbe, 0xf7, 0xff, 0xdf, 
  0xf7, 0xff, 0x7d, 0xf7, 0xff, 0x6a, 0xfa, 0xff, 0x87, 0xf9, 0xff, 0xc8, 0xf9, 0xff, 0xa8, 0xf9, 
  0xff, 0xa8, 0xf9, 0xff, 0xc8, 0xf9, 0xff, 0x67, 0xf9, 0xff, 0x46, 0xe9, 0xff, 0x26, 0xe9, 0xff, 
  0x46, 0xf1, 0xff, 0x87, 0xf9, 0xff, 0xc8, 0xf9, 0xff, 0xa8, 0xf9, 0xff, 0xa8, 0xf9, 0xff, 0xa8, 
  0xf9, 0xff, 0xa8, 0xf9, 0xff, 0xa8, 0xf9, 0xff, 0xa8, 0xf9, 0xff, 0xa8, 0xf9, 0xff, 0xa8, 0xf9, 
  0xff, 0xa8, 0xf9, 0xff, 0xa8, 0xf9, 0xff, 0xa8, 0xf9, 0xff, 0xa8, 0xf9, 0xff, 0xa8, 0xf9, 0xff, 
  0xa8, 0xf9, 0xff, 0xa8, 0xf9, 0xff, 0xa8, 0xf9, 0xff, 0xa8, 0xf9, 0xff, 0xa8, 0xf9, 0xff, 0xa8, 
  0xf9, 0xff, 0xc8, 0xf9, 0xff, 0x87, 0xf9, 0xff, 0x6a, 0xfa, 0xff, 0x7d, 0xf7, 0xff, 0xdf, 0xf7, 
  0xff, 0xbe, 0xf7, 0xff, 0xbe, 0xf7, 0xff, 0xbe, 0xf7, 0xff, 0xbe, 0xf7, 0xff, 0xbe, 0xf7, 0xff, 
  0xbe, 0xf7, 0xff, 0xbe, 0xf7, 0xff, 0xbe, 0xf7, 0xff, 0xbe, 0xf7, 0xff, 0xbe, 0xf7, 0xff, 0xbe, 
  0xf7, 0xff, 0xff, 0xf7, 0xff, 0x9a, 0xf6, 0xff, 0xa8, 0xf9, 0xff, 0xa7, 0xf9, 0xff, 0xc8, 0xf9, 
  0xff, 0xa8, 0xf9, 0xff, 0xa8, 0xf9, 0xff, 0xc8, 0xf9, 0xff, 0xc8, 0xf9, 0xff, 0xc8, 0xf9, 0xff, 
  0xc8, 0xf9, 0xff, 0xc8, 0xf9, 0xff, 0xa8, 0xf9, 0xff, 0xa8, 0xf9, 0xff, 0xa8, 0xf9, 0xff, 0xa8, 
  0xf9, 0xff, 0xa8, 0xf9, 0xff, 0xa8, 0xf9, 0xff, 0xa8, 0xf9, 0xff, 0xa8, 0xf9, 0xff, 0xa8, 0xf9, 
  0xff, 0xa8, 0xf9, 0xff, 0xa8, 0xf9, 0xff, 0xa8, 0xf9, 0xff, 0xa8, 0xf9, 0xff, 0xa8, 0xf9, 0xff, 
  0xa8, 0xf9, 0xff, 0xa8, 0xf9, 0xff, 0xa8, 0xf9, 0xff, 0xa8, 0xf9, 0xff, 0xa8, 0xf9, 0xff, 0xc8, 
  0xf9, 0xff, 0xa7, 0xf9, 0xff, 0xa8, 0xf9, 0xff, 0x9a, 0xf6, 0xff, 0xff, 0xf7, 0xff, 0x9e, 0xf7, 
  0xff, 0xbe, 0xf7, 0xff, 0xbe, 0xf7, 0xff, 0xbe, 0xf7, 0xff, 0xbe, 0xf7, 0xff, 0xbe, 0xf7, 0xff, 
  0xbe, 0xf7, 0xff, 0xbe, 0xf7, 0xff, 0xbe, 0xf7, 0xff, 0xbe, 0xf7, 0xff, 0xbe, 0xf7, 0xff, 0xbe, 
  0xf7, 0xff, 0x9e, 0xf7, 0xff, 0xff, 0xf7, 0xff, 0xf8, 0xf5, 0xff, 0x87, 0xf9, 0xff, 0xa7, 0xf9, 
  0xff, 0xc8, 0xf9, 0xff, 0xa8, 0xf9, 0xff, 0xa8, 0xf9, 0xff, 0xa8, 0xf9, 0xff, 0xa8, 0xf9, 0xff, 
  0xa8, 0xf9, 0xff, 0xa8, 0xf9, 0xff, 0xa8, 0xf9, 0xff, 0xa8, 0xf9, 0xff, 0xa8, 0xf9, 0xff, 0xa8, 
  0xf9, 0xff, 0xa8, 0xf9, 0xff, 0xa8, 0xf9, 0xff, 0xa8, 0xf9, 0xff, 0xa8, 0xf9, 0xff, 0xa8, 0xf9, 
  0xff, 0xa8, 0xf9, 0xff, 0xa8, 0xf9, 0xff, 0xa8, 0xf9, 0xff, 0xa8, 0xf9, 0xff, 0xa8, 0xf9, 0xff, 
  0xa8, 0xf9, 0xff, 0xa8, 0xf9, 0xff, 0xa8, 0xf9, 0xff, 0xa8, 0xf9, 0xff, 0xc8, 0xf9, 0xff, 0xa7, 
  0xf9, 0xff, 0x87, 0xf9, 0xff, 0xf8, 0xf5, 0xff, 0xff, 0xf7, 0xff, 0x9e, 0xf7, 0xff, 0xbe, 0xf7, 
  0xff, 0xbe, 0xf7, 0xff, 0xbe, 0xf7, 0xff, 0xbe, 0xf7, 0xff, 0xbe, 0xf7, 0xff, 0xbe, 0xf7, 0xff, 
  0xbe, 0xf7, 0xff, 0xbe, 0xf7, 0xff, 0xbe, 0xf7, 0xff, 0xbe, 0xf7, 0xff, 0xbe, 0xf7, 0xff, 0xbe, 
  0xf7, 0xff, 0xbe, 0xf7, 0xff, 0x9e, 0xf7, 0xff, 0xff, 0xf7, 0xff, 0xf8, 0xf5, 0xff, 0xa8, 0xf9, 
  0xff, 0x87, 0xf9, 0xff, 0xc8, 0xf9, 0xff, 0xa8, 0xf9, 0xff, 0xa8, 0xf9, 0xff, 0xa8, 0xf9, 0xff, 
  0xa8, 0xf9, 0xff, 0xa8, 0xf9, 0xff, 0xa8, 0xf9, 0xff, 0xa8, 0xf9, 0xff, 0xa8, 0xf9, 0xff, 0xa8, 
  0xf9, 0xff, 0xa8, 0xf9, 0xff, 0xa8, 0xf9, 0xff, 0xa8, 0xf9, 0xff, 0xa8, 0xf9, 0xff, 0xa8, 0xf9, 
  0xff, 0xa8, 0xf9, 0xff, 0xa8, 0xf9, 0xff, 0xa8, 0xf9, 0xff, 0xa8, 0xf9, 0xff, 0xa8, 0xf9, 0xff, 
  0xa8, 0xf9, 0xff, 0xa8, 0xf9, 0xff, 0xa8, 0xf9, 0xff, 0xc8, 0xf9, 0xff, 0x87, 0xf9, 0xff, 0xa8, 
  0xf9, 0xff, 0xf8, 0xf5, 0xff, 0xff, 0xf7, 0xff, 0x9e, 0xf7, 0xff, 0xbe, 0xf7, 0xff, 0xbe, 0xf7, 
  0xff, 0xbe, 0xf7, 0xff, 0xbe, 0xf7, 0xff, 0xbe, 0xf7, 0xff, 0xbe, 0xf7, 0xff, 0xbe, 0xf7, 0xff, 
  0xbe, 0xf7, 0xff, 0xbe, 0xf7, 0xff, 0xbe, 0xf7, 0xff, 0xbe, 0xf7, 0xff, 0xbe, 0xf7, 0xff, 0xbe, 
  0xf7, 0xff, 0xbe, 0xf7, 0xff, 0xbe, 0xf7, 0xff, 0x9e, 0xf7, 0xff, 0xff, 0xf7, 0xff, 0x9a, 0xf6, 
  0xff, 0x6a, 0xfa, 0xff, 0x46, 0xf9, 0xff, 0xc8, 0xf9, 0xff, 0xc8, 0xf9, 0xff, 0xa8, 0xf9, 0xff, 
  0xa8, 0xf9, 0xff, 0xa8, 0xf9, 0xff, 0xa8, 0xf9, 0xff, 0xa8, 0xf9, 0xff, 0xa8, 0xf9, 0xff, 0xa8, 
  0xf9, 0xff, 0xa8, 0xf9, 0xff, 0xa8, 0xf9, 0xff, 0xa8, 0xf9, 0xff, 0xa8, 0xf9, 0xff, 0xa8, 0xf9, 
  0xff, 0xa8, 0xf9, 0xff, 0xa8, 0xf9, 0xff, 0xa8, 0xf9, 0xff, 0xa8, 0xf9, 0xff, 0xa8, 0xf9, 0xff, 
  0xa8, 0xf9, 0xff, 0xc8, 0xf9, 0xff, 0xc8, 0xf9, 0xff, 0x46, 0xf9, 0xff, 0x6a, 0xfa, 0xff, 0x9a, 
  0xf6, 0xff, 0xff, 0xf7, 0xff, 0x9e, 0xf7, 0xff, 0xbe, 0xf7, 0xff, 0xbe, 0xf7, 0xff, 0xbe, 0xf7, 
  0xff, 0xbe, 0xf7, 0xff, 0xbe, 0xf7, 0xff, 0xbe, 0xf7, 0xff, 0xbe, 0xf7, 0xff, 0xbe, 0xf7, 0xff, 
  0xbe, 0xf7, 0xff, 0xbe, 0xf7, 0xff, 0xbe, 0xf7, 0xff, 0xbe, 0xf7, 0xff, 0xbe, 0xf7, 0xff, 0xbe, 
  0xf7, 0xff, 0xbe, 0xf7, 0xff, 0xbe, 0xf7, 0xff, 0xbe, 0xf7, 0xff, 0x9e, 0xf7, 0xff, 0xff, 0xf7, 
  0xff, 0x7d, 0xf7, 0xff, 0xf0, 0xfb, 0xff, 0x67, 0xf9, 0xff, 0x67, 0xf9, 0xff, 0xc8, 0xf9, 0xff, 
  0xc8, 0xf9, 0xff, 0xc8, 0xf9, 0xff, 0xa8, 0xf9, 0xff, 0xa8, 0xf9, 0xff, 0xa8, 0xf9, 0xff, 0xa8, 
  0xf9, 0xff, 0xa8, 0xf9, 0xff, 0xa8, 0xf9, 0xff, 0xa8, 0xf9, 0xff, 0xa8, 0xf9, 0xff, 0xa8, 0xf9, 
  0xff, 0xa8, 0xf9, 0xff, 0xc8, 0xf9, 0xff, 0xc8, 0xf9, 0xff, 0xc8, 0xf9, 0xff, 0xc8, 0xf9, 0xff, 
  0xc8, 0xf9, 0xff, 0x67, 0xf9, 0xff, 0x67, 0xf9, 0xff, 0xf0, 0xfb, 0xff, 0x7d, 0xf7, 0xff, 0xff, 
  0xf7, 0xff, 0x9e, 0xf7, 0xff, 0xbe, 0xf7, 0xff, 0xbe, 0xf7, 0xff, 0xbe, 0xf7, 0xff, 0xbe, 0xf7, 
  0xff, 0xbe, 0xf7, 0xff, 0xbe, 0xf7, 0xff, 0xbe, 0xf7, 0xff, 0xbe, 0xf7, 0xff, 0xbe, 0xf7, 0xff, 
  0xbe, 0xf7, 0xff, 0xbe, 0xf7, 0xff, 0xbe, 0xf7, 0xff, 0xbe, 0xf7, 0xff, 0xbe, 0xf7, 0xff, 0xbe, 
  0xf7, 0xff, 0xbe, 0xf7, 0xff, 0xbe, 0xf7, 0xff, 0xbe, 0xf7, 0xff, 0xbe, 0xf7, 0xff, 0x9e, 0xf7, 
  0xff, 0xdf, 0xf7, 0xff, 0xff, 0xf7, 0xff, 0x38, 0xf6, 0xff, 0x0d, 0xfb, 0xff, 0x67, 0xf9, 0xff, 
  0x46, 0xf9, 0xff, 0xa7, 0xf9, 0xff, 0xc8, 0xf9, 0xff, 0xc8, 0xf9, 0xff, 0xc8, 0xf9, 0xff, 0xc8, 
  0xf9, 0xff, 0xc8, 0xf9, 0xff, 0xc8, 0xf9, 0xff, 0xc8, 0xf9, 0xff, 0xc8, 0xf9, 0xff, 0xe8, 0xf1, 
  0xff, 0xe8, 0xf9, 0xff, 0x09, 0xf2, 0xff, 0x09, 0xf2, 0xff, 0xc8, 0xf9, 0xff, 0x46, 0xf9, 0xff, 
  0x67, 0xf9, 0xff, 0x0d, 0xfb, 0xff, 0x18, 0xf6, 0xff, 0xff, 0xf7, 0xff, 0xdf, 0xf7, 0xff, 0x9e, 
  0xf7, 0xff, 0xbe, 0xf7, 0xff, 0xbe, 0xf7, 0xff, 0xbe, 0xf7, 0xff, 0xbe, 0xf7, 0xff, 0xbe, 0xf7, 
  0xff, 0xbe, 0xf7, 0xff, 0xbe, 0xf7, 0xff, 0xbe, 0xf7, 0xff, 0xbe, 0xf7, 0xff, 0xbe, 0xf7, 0xff, 
  0xbe, 0xf7, 0xff, 0xbe, 0xf7, 0xff, 0xbe, 0xf7, 0xff, 0xbe, 0xf7, 0xff, 0xbe, 0xf7, 0xff, 0xbe, 
  0xf7, 0xff, 0xbe, 0xf7, 0xff, 0xbe, 0xf7, 0xff, 0xbe, 0xf7, 0xff, 0xbe, 0xf7, 0xff, 0xbe, 0xf7, 
  0xff, 0xbe, 0xf7, 0xff, 0xbe, 0xf7, 0xff, 0xff, 0xf7, 0xff, 0xdf, 0xf7, 0xff, 0x18, 0xf6, 0xff, 
  0xaf, 0xfb, 0xff, 0x09, 0xfa, 0xff, 0x66, 0xf9, 0xff, 0x46, 0xf9, 0xff, 0x67, 0xf9, 0xff, 0x87, 
  0xf9, 0xff, 0xc8, 0xf9, 0xff, 0xa7, 0xf9, 0xff, 0xc8, 0xf9, 0xff, 0xa8, 0xf9, 0xff, 0xa8, 0xf1, 
  0xff, 0x87, 0xf9, 0xff, 0x66, 0xf9, 0xff, 0x67, 0xf9, 0xff, 0x09, 0xfa, 0xff, 0xaf, 0xfb, 0xff, 
  0x18, 0xf6, 0xff, 0xdf, 0xf7, 0xff, 0xff, 0xf7, 0xff, 0xbe, 0xf7, 0xff, 0xbe, 0xf7, 0xff, 0xbe, 
  0xf7, 0xff, 0xbe, 0xf7, 0xff, 0xbe, 0xf7, 0xff, 0xbe, 0xf7, 0xff, 0xbe, 0xf7, 0xff, 0xbe, 0xf7, 
  0xff, 0xbe, 0xf7, 0xff, 0xbe, 0xf7, 0xff, 0xbe, 0xf7, 0xff, 0xbe, 0xf7, 0xff, 0xbe, 0xf7, 0xff, 
  0xbe, 0xf7, 0xff, 0xbe, 0xf7, 0xff, 0xbe, 0xf7, 0xff, 0xbe, 0xf7, 0xff, 0xbe, 0xf7, 0xff, 0xbe, 
  0xf7, 0xff, 0xbe, 0xf7, 0xff, 0xbe, 0xf7, 0xff, 0xbe, 0xf7, 0xff, 0xbe, 0xf7, 0xff, 0xbe, 0xf7, 
  0xff, 0xbe, 0xf7, 0xff, 0xbe, 0xf7, 0xff, 0xbe, 0xf7, 0xff, 0xbe, 0xf7, 0xff, 0xff, 0xf7, 0xff, 
  0xff, 0xf7, 0xff, 0x1c, 0xf7, 0xff, 0xb6, 0xf5, 0xff, 0x52, 0xf4, 0xff, 0x4d, 0xf3, 0xff, 0xab, 
  0xf2, 0xff, 0x2a, 0xf2, 0xff, 0xe8, 0xf9, 0xff, 0x09, 0xfa, 0xff, 0x29, 0xfa, 0xff, 0x8b, 0xfa, 
  0xff, 0x2d, 0xfb, 0xff, 0x51, 0xfc, 0xff, 0xb7, 0xf5, 0xff, 0x3c, 0xf7, 0xff, 0xff, 0xf7, 0xff, 
  0xff, 0xf7, 0xff, 0xbe, 0xf7, 0xff, 0xbe, 0xf7, 0xff, 0xbe, 0xf7, 0xff, 0xbe, 0xf7, 0xff, 0xbe, 
  0xf7, 0xff, 0xbe, 0xf7, 0xff, 0xbe, 0xf7, 0xff, 0xbe, 0xf7, 0xff, 0xbe, 0xf7, 0xff, 0xbe, 0xf7, 
  0xff, 0xbe, 0xf7, 0xff, 0xbe, 0xf7, 0xff, 0xbe, 0xf7, 0xff, 0xbe, 0xf7, 0xff, 0xbe, 0xf7, 0xff, 
  0xbe, 0xf7, 0xff, 0xbe, 0xf7, 0xff, 0xbe, 0xf7, 0xff, 0xbe, 0xf7, 0xff, 0xbe, 0xf7, 0xff, 0xbe, 
  0xf7, 0xff, 0xbe, 0xf7, 0xff, 0xbe, 0xf7, 0xff, 0xbe, 0xf7, 0xff, 0xbe, 0xf7, 0xff, 0xbe, 0xf7, 
  0xff, 0xbe, 0xf7, 0xff, 0xbe, 0xf7, 0xff, 0xbe, 0xf7, 0xff, 0x9e, 0xf7, 0xff, 0x9e, 0xf7, 0xff, 
  0x9e, 0xf7, 0xff, 0xbe, 0xf7, 0xff, 0xff, 0xf7, 0xff, 0xff, 0xf7, 0xff, 0xdf, 0xf7, 0xff, 0x9e, 
  0xf7, 0xff, 0x3d, 0xf7, 0xff, 0x1c, 0xf7, 0xff, 0x1c, 0xf7, 0xff, 0x3d, 0xf7, 0xff, 0x9e, 0xf7, 
  0xff, 0xff, 0xf7, 0xff, 0xff, 0xf7, 0xff, 0xff, 0xf7, 0xff, 0xdf, 0xf7, 0xff, 0xbe, 0xf7, 0xff, 
  0xbe, 0xf7, 0xff, 0xbe, 0xf7, 0xff, 0xbe, 0xf7, 0xff, 0xbe, 0xf7, 0xff, 0xbe, 0xf7, 0xff, 0xbe, 
  0xf7, 0xff, 0xbe, 0xf7, 0xff, 0xbe, 0xf7, 0xff, 0xbe, 0xf7, 0xff, 0xbe, 0xf7, 0xff, 0xbe, 0xf7, 
  0xff, 0xbe, 0xf7, 0xff, 0xbe, 0xf7, 0xff, 0xbe, 0xf7, 0xff, 0xbe, 0xf7, 0xff, 0xbe, 0xf7, 0xff, 
  0xbe, 0xf7, 0xff, 0xbe, 0xf7, 0xff, 0xbe, 0xf7, 0xff, 0xbe, 0xf7, 0xff, 0xbe, 0xf7, 0xff, 0xbe, 
  0xf7, 0xff, 0xbe, 0xf7, 0xff, 0xbe, 0xf7, 0xff, 0xbe, 0xf7, 0xff, 0x9e, 0xf7, 0xff, 0x9e, 0xf7, 
  0xff, 0x7d, 0xef, 0xff, 0x9e, 0xf7, 0xff, 0xbe, 0xf7, 0xff, 0x9e, 0xf7, 0xff, 0x9e, 0xf7, 0xff, 
  0x9e, 0xf7, 0xff, 0x9e, 0xf7, 0xff, 0x9e, 0xf7, 0xff, 0x9e, 0xf7, 0xff, 0xbe, 0xf7, 0xff, 0xbe, 
  0xf7, 0xff, 0xdf, 0xf7, 0xff, 0xdf, 0xf7, 0xff, 0xdf, 0xf7, 0xff, 0xdf, 0xf7, 0xff, 0xbe, 0xf7, 
  0xff, 0xbe, 0xf7, 0xff, 0x9e, 0xf7, 0xff, 0x9e, 0xf7, 0xff, 0xbe, 0xf7, 0xff, 0xbe, 0xf7, 0xff, 
  0xbe, 0xf7, 0xff, 0xbe, 0xf7, 0xff, 0xbe, 0xf7, 0xff, 0xbe, 0xf7, 0xff, 0xbe, 0xf7, 0xff, 0xbe, 
  0xf7, 0xff, 0xbe, 0xf7, 0xff, 0xbe, 0xf7, 0xff, 0xbe, 0xf7, 0xff, 0xbe, 0xf7, 0xff, 0xbe, 0xf7, 
  0xff, 0xbe, 0xf7, 0xff, 0xbe, 0xf7, 0xff, 0x9e, 0xf7, 0xff, 0x9e, 0xf7, 0xff, 0x7d, 0xef, 0xff, 
  0xbe, 0xf7, 0xff, 0xbe, 0xf7, 0xff, 0xbe, 0xf7, 0xff, 0xbe, 0xf7, 0xff, 0xbe, 0xf7, 0xff, 0xbe, 
  0xf7, 0xff, 0x9e, 0xf7, 0xff, 0x9e, 0xf7, 0xff, 0x7d, 0xef, 0xff, 0x9e, 0xf7, 0xff, 0x9e, 0xf7, 
  0xff, 0x7d, 0xef, 0xff, 0x9e, 0xf7, 0xff, 0xbe, 0xf7, 0xff, 0xbe, 0xf7, 0xff, 0xbe, 0xf7, 0xff, 
  0xbe, 0xf7, 0xff, 0xbe, 0xf7, 0xff, 0xbe, 0xf7, 0xff, 0xbe, 0xf7, 0xff, 0xbe, 0xf7, 0xff, 0xbe, 
  0xf7, 0xff, 0xbe, 0xf7, 0xff, 0xbe, 0xf7, 0xff, 0xbe, 0xf7, 0xff, 0xbe, 0xf7, 0xff, 0xbe, 0xf7, 
  0xff, 0xbe, 0xf7, 0xff, 0xbe, 0xf7, 0xff, 0xbe, 0xf7, 0xff, 0xbe, 0xf7, 0xff, 0xbe, 0xf7, 0xff, 
  0xbe, 0xf7, 0xff, 0xbe, 0xf7, 0xff, 0xbe, 0xf7, 0xff, 0xbe, 0xf7, 0xff, 0xbe, 0xf7, 0xff, 0xbe, 
  0xf7, 0xff, 0xbe, 0xf7, 0xff, 0xbe, 0xf7, 0xff, 0xbe, 0xf7, 0xff, 0xbe, 0xf7, 0xff, 0x9e, 0xf7, 
  0xff, 0x9e, 0xf7, 0xff, 0x7d, 0xef, 0xff, 0x7d, 0xef, 0xff, 0x9e, 0xf7, 0xff, 0x9e, 0xf7, 0xff, 
#endif

#if LV_COLOR_DEPTH == 16 && LV_COLOR_16_SWAP != 0
  /*Pixel format: Alpha 8 bit, Red: 5 bit, Green: 6 bit, Blue: 5 bit  BUT the 2  color bytes are swapped*/
  0xf7, 0xbe, 0xff, 0xf7, 0xbe, 0xff, 0xf7, 0xbe, 0xff, 0xf7, 0xbe, 0xff, 0xf7, 0xbe, 0xff, 0xf7, 
  0xbe, 0xff, 0xf7, 0xbe, 0xff, 0xf7, 0xbe, 0xff, 0xf7, 0xbe, 0xff, 0xf7, 0xbe, 0xff, 0xf7, 0xbe, 
  0xff, 0xf7, 0xbe, 0xff, 0xf7, 0xbe, 0xff, 0xf7, 0xbe, 0xff, 0xf7, 0xbe, 0xff, 0xf7, 0xbe, 0xff, 
  0xf7, 0xbe, 0xff, 0xf7, 0xbe, 0xff, 0xf7, 0xbe, 0xff, 0xf7, 0xbe, 0xff, 0xf7, 0xbe, 0xff, 0xf7, 
  0xbe, 0xff, 0xf7, 0xbe, 0xff, 0xf7, 0xbe, 0xff, 0xf7, 0xbe, 0xff, 0xf7, 0xbe, 0xff, 0xf7, 0xbe, 
  0xff, 0xf7, 0xbe, 0xff, 0xf7, 0xbe, 0xff, 0xf7, 0xbe, 0xff, 0xf7, 0xbe, 0xff, 0xf7, 0xbe, 0xff, 
  0xf7, 0xbe, 0xff, 0xf7, 0xbe, 0xff, 0xf7, 0xbe, 0xff, 0xf7, 0xbe, 0xff, 0xf7, 0xbe, 0xff, 0xf7, 
  0xbe, 0xff, 0xf7, 0xbe, 0xff, 0xf7, 0xbe, 0xff, 0xf7, 0xbe, 0xff, 0xf7, 0xbe, 0xff, 0xf7, 0xbe, 
  0xff, 0xf7, 0xbe, 0xff, 0xf7, 0xbe, 0xff, 0xf7, 0xbe, 0xff, 0xf7, 0xbe, 0xff, 0xf7, 0xbe, 0xff, 
  0xf7, 0xbe, 0xff, 0xf7, 0xbe, 0xff, 0xf7, 0xbe, 0xff, 0xf7, 0xbe, 0xff, 0xf7, 0xbe, 0xff, 0xf7, 
  0xbe, 0xff, 0xf7, 0xbe, 0xff, 0xf7, 0xbe, 0xff, 0xf7, 0xbe, 0xff, 0xf7, 0xbe, 0xff, 0xf7, 0xbe, 
  0xff, 0xf7, 0xbe, 0xff, 0xf7, 0xbe, 0xff, 0xf7, 0xbe, 0xff, 0xf7, 0xbe, 0xff, 0xf7, 0xbe, 0xff, 
  0xf7, 0xbe, 0xff, 0xf7, 0xbe, 0xff, 0xf7, 0xbe, 0xff, 0xf7, 0x9e, 0xff, 0xf7, 0xbe, 0xff, 0xf7, 
  0xbe, 0xff, 0xf7, 0xdf, 0xff, 0xf7, 0xdf, 0xff, 0xf7, 0xdf, 0xff, 0xf7, 0xdf, 0xff, 0xf7, 0xbe, 
  0xff, 0xf7, 0xbe, 0xff, 0xf7, 0x9e, 0xff, 0xf7, 0x9e, 0xff, 0xf7, 0xbe, 0xff, 0xf7, 0xbe, 0xff, 
  0xf7, 0xbe, 0xff, 0xf7, 0xbe, 0xff, 0xf7, 0xbe, 0xff, 0xf7, 0xbe, 0xff, 0xf7, 0xbe, 0xff, 0xf7, 
  0xbe, 0xff, 0xf7, 0xbe, 0xff, 0xf7, 0xbe, 0xff, 0xf7, 0xbe, 0xff, 0xf7, 0xbe, 0xff, 0xf7, 0xbe, 
  0xff, 0xf7, 0xbe, 0xff, 0xf7, 0xbe, 0xff, 0xf7, 0xbe, 0xff, 0xf7, 0xbe, 0xff, 0xf7, 0xbe, 0xff, 
  0xf7, 0xbe, 0xff, 0xf7, 0xbe, 0xff, 0xf7, 0xbe, 0xff, 0xf7, 0xbe, 0xff, 0xf7, 0xbe, 0xff, 0xf7, 
  0xbe, 0xff, 0xf7, 0xbe, 0xff, 0xf7, 0xbe, 0xff, 0xf7, 0xbe, 0xff, 0xf7, 0xbe, 0xff, 0xf7, 0xbe, 
  0xff, 0xf7, 0xbe, 0xff, 0xf7, 0xbe, 0xff, 0xf7, 0xbe, 0xff, 0xf7, 0xbe, 0xff, 0xf7, 0xbe, 0xff, 
  0xf7, 0x9e, 0xff, 0xf7, 0xdf, 0xff, 0xf7, 0xff, 0xff, 0xf7, 0xff, 0xff, 0xf7, 0xff, 0xff, 0xf7, 
  0xbe, 0xff, 0xf7, 0x5d, 0xff, 0xf7, 0x3c, 0xff, 0xf7, 0x3c, 0xff, 0xf7, 0x5d, 0xff, 0xf7, 0xbe, 
  0xff, 0xf7, 0xff, 0xff, 0xf7, 0xff, 0xff, 0xf7, 0xff, 0xff, 0xf7, 0xdf, 0xff, 0xf7, 0x9e, 0xff, 
  0xf7, 0xbe, 0xff, 0xf7, 0xbe, 0xff, 0xf7, 0xbe, 0xff, 0xf7, 0xbe, 0xff, 0xf7, 0xbe, 0xff, 0xf7, 
  0xbe, 0xff, 0xf7, 0xbe, 0xff, 0xf7, 0xbe, 0xff, 0xf7, 0xbe, 0xff, 0xf7, 0xbe, 0xff, 0xf7, 0xbe, 
  0xff, 0xf7, 0xbe, 0xff, 0xf7, 0xbe, 0xff, 0xf7, 0xbe, 0xff, 0xf7, 0xbe, 0xff, 0xf7, 0xbe, 0xff, 
  0xf7, 0xbe, 0xff, 0xf7, 0xbe, 0xff, 0xf7, 0xbe, 0xff, 0xf7, 0xbe, 0xff, 0xf7, 0xbe, 0xff, 0xf7, 
  0xbe, 0xff, 0xf7, 0xbe, 0xff, 0xf7, 0xbe, 0xff, 0xf7, 0xbe, 0xff, 0xf7, 0xbe, 0xff, 0xf7, 0xbe, 
  0xff, 0xf7, 0xbe, 0xff, 0xf7, 0xbe, 0xff, 0xf7, 0xbe, 0xff, 0xf7, 0xbe, 0xff, 0xf7, 0xff, 0xff, 
  0xf7, 0xff, 0xff, 0xf7, 0x5d, 0xff, 0xf5, 0xd7, 0xff, 0xfc, 0x72, 0xff, 0xfb, 0x4e, 0xff, 0xfa, 
  0x8b, 0xff, 0xfa, 0x29, 0xff, 0xfa, 0x09, 0xff, 0xfa, 0x09, 0xff, 0xfa, 0x29, 0xff, 0xfa, 0x8b, 
  0xff, 0xfb, 0x4e, 0xff, 0xfc, 0x72, 0xff, 0xf5, 0xd7, 0xff, 0xf7, 0x5d, 0xff, 0xf7, 0xff, 0xff, 
  0xf7, 0xff, 0xff, 0xf7, 0xbe, 0xff, 0xf7, 0xbe, 0xff, 0xf7, 0xbe, 0xff, 0xf7, 0xbe, 0xff, 0xf7, 
  0xbe, 0xff, 0xf7, 0xbe, 0xff, 0xf7, 0xbe, 0xff, 0xf7, 0xbe, 0xff, 0xf7, 0xbe, 0xff, 0xf7, 0xbe, 
  0xff, 0xf7, 0xbe, 0xff, 0xf7, 0xbe, 0xff, 0xf7, 0xbe, 0xff, 0xf7, 0xbe, 0xff, 0xf7, 0xbe, 0xff, 
  0xf7, 0xbe, 0xff, 0xf7, 0xbe, 0xff, 0xf7, 0xbe, 0xff, 0xf7, 0xbe, 0xff, 0xf7, 0xbe, 0xff, 0xf7, 
  0xbe, 0xff, 0xf7, 0xbe, 0xff, 0xf7, 0xbe, 0xff, 0xf7, 0xbe, 0xff, 0xf7, 0xbe, 0xff, 0xf7, 0xbe, 
  0xff, 0xf7, 0xbe, 0xff, 0xf7, 0x9e, 0xff, 0xf7, 0xff, 0xff, 0xf7, 0xff, 0xff, 0xf6, 0x39, 0xff, 
  0xfb, 0xd0, 0xff, 0xfa, 0x09, 0xff, 0xf9, 0x66, 0xff, 0xf9, 0x46, 0xff, 0xf9, 0x66, 0xff, 0xf9, 
  0x87, 0xff, 0xf9, 0x87, 0xff, 0xf9, 0xa7, 0xff, 0xf9, 0xa7, 0xff, 0xf9, 0x87, 0xff, 0xf9, 0x87, 
  0xff, 0xf9, 0x66, 0xff, 0xf9, 0x46, 0xff, 0xf9, 0x66, 0xff, 0xfa, 0x09, 0xff, 0xfb, 0xd0, 0xff, 
  0xf6, 0x39, 0xff, 0xf7, 0xff, 0xff, 0xf7, 0xff, 0xff, 0xf7, 0x9e, 0xff, 0xf7, 0xbe, 0xff, 0xf7, 
  0xbe, 0xff, 0xf7, 0xbe, 0xff, 0xf7, 0xbe, 0xff, 0xf7, 0xbe, 0xff, 0xf7, 0xbe, 0xff, 0xf7, 0xbe, 
  0xff, 0xf7, 0xbe, 0xff, 0xf7, 0xbe, 0xff, 0xf7, 0xbe, 0xff, 0xf7, 0xbe, 0xff, 0xf7, 0xbe, 0xff, 
  0xf7, 0xbe, 0xff, 0xf7, 0xbe, 0xff, 0xf7, 0xbe, 0xff, 0xf7, 0xbe, 0xff, 0xf7, 0xbe, 0xff, 0xf7, 
  0xbe, 0xff, 0xf7, 0xbe, 0xff, 0xf7, 0xbe, 0xff, 0xf7, 0xbe, 0xff, 0xf7, 0xbe, 0xff, 0xf7, 0xbe, 
  0xff, 0xf7, 0xdf, 0xff, 0xf7, 0xff, 0xff, 0xf6, 0x59, 0xff, 0xfb, 0x2d, 0xff, 0xf9, 0x67, 0xff, 
  0xf9, 0x46, 0xff, 0xf9, 0xa7, 0xff, 0xf9, 0xc8, 0xff, 0xf9, 0xc8, 0xff, 0xf9, 0xc8, 0xff, 0xf9, 
  0xc8, 0xff, 0xf9, 0xc8, 0xff, 0xf9, 0xc8, 0xff, 0xf9, 0xc8, 0xff, 0xf9, 0xc8, 0xff, 0xf9, 0xc8, 
  0xff, 0xf9, 0xc8, 0xff, 0xf9, 0xc8, 0xff, 0xf9, 0xc8, 0xff, 0xf9, 0xa7, 0xff, 0xf9, 0x46, 0xff, 
  0xf9, 0x67, 0xff, 0xfb, 0x2d, 0xff, 0xf6, 0x59, 0xff, 0xf7, 0xff, 0xff, 0xf7, 0xdf, 0xff, 0xf7, 
  0xbe, 0xff, 0xf7, 0xbe, 0xff, 0xf7, 0xbe, 0xff, 0xf7, 0xbe, 0xff, 0xf7, 0xbe, 0xff, 0xf7, 0xbe, 
  0xff, 0xf7, 0xbe, 0xff, 0xf7, 0xbe, 0xff, 0xf7, 0xbe, 0xff, 0xf7, 0xbe, 0xff, 0xf7, 0xbe, 0xff, 
  0xf7, 0xbe, 0xff, 0xf7, 0xbe, 0xff, 0xf7, 0xbe, 0xff, 0xf7, 0xbe, 0xff, 0xf7, 0xbe, 0xff, 0xf7, 
  0xbe, 0xff, 0xf7, 0xbe, 0xff, 0xf7, 0xbe, 0xff, 0xf7, 0xbe, 0xff, 0xf7, 0x9e, 0xff, 0xf7, 0xff, 
  0xff, 0xf7, 0x9e, 0xff, 0xfc, 0x11, 0xff, 0xf9, 0x87, 0xff, 0xf9, 0x66, 0xff, 0xf9, 0xc8, 0xff, 
  0xf9, 0xc8, 0xff, 0xf9, 0xc8, 0xff, 0xf9, 0xa8, 0xff, 0xf9, 0xa8, 0xff, 0xf9, 0xa8, 0xff, 0xf9, 
  0xa8, 0xff, 0xf9, 0xa8, 0xff, 0xf9, 0xa8, 0xff, 0xf9, 0xa8, 0xff, 0xf9, 0xa8, 0xff, 0xf9, 0xa8, 
  0xff, 0xf9, 0xa8, 0xff, 0xf9, 0xa8, 0xff, 0xf9, 0xa8, 0xff, 0xf9, 0xc8, 0xff, 0xf9, 0xc8, 0xff, 
  0xf9, 0xc8, 0xff, 0xf9, 0x67, 0xff, 0xf9, 0x87, 0xff, 0xfc, 0x10, 0xff, 0xf7, 0x7d, 0xff, 0xf7, 
  0xff, 0xff, 0xf7, 0x9e, 0xff, 0xf7, 0xbe, 0xff, 0xf7, 0xbe, 0xff, 0xf7, 0xbe, 0xff, 0xf7, 0xbe, 
  0xff, 0xf7, 0xbe, 0xff, 0xf7, 0xbe, 0xff, 0xf7, 0xbe, 0xff, 0xf7, 0xbe, 0xff, 0xf7, 0xbe, 0xff, 
  0xf7, 0xbe, 0xff, 0xf7, 0xbe, 0xff, 0xf7, 0xbe, 0xff, 0xf7, 0xbe, 0xff, 0xf7, 0xbe, 0xff, 0xf7, 
  0xbe, 0xff, 0xf7, 0xbe, 0xff, 0xf7, 0xbe, 0xff, 0xf7, 0x9e, 0xff, 0xf7, 0xff, 0xff, 0xf6, 0xba, 
  0xff, 0xfa, 0x8b, 0xff, 0xf9, 0x46, 0xff, 0xf9, 0xc8, 0xff, 0xf9, 0xc8, 0xff, 0xf9, 0xa8, 0xff, 
  0xf9, 0xa8, 0xff, 0xf9, 0xa8, 0xff, 0xf9, 0xa8, 0xff, 0xf9, 0xa8, 0xff, 0xf9, 0xa8, 0xff, 0xf9, 
  0xa8, 0xff, 0xf9, 0xa8, 0xff, 0xf9, 0xa8, 0xff, 0xf9, 0xa8, 0xff, 0xf9, 0xa8, 0xff, 0xf9, 0xa8, 
  0xff, 0xf9, 0xa8, 0xff, 0xf9, 0xa8, 0xff, 0xf9, 0xa8, 0xff, 0xf9, 0xa8, 0xff, 0xf9, 0xa8, 0xff, 
  0xf9, 0xa8, 0xff, 0xf9, 0xc8, 0xff, 0xf9, 0xc8, 0xff, 0xf9, 0x46, 0xff, 0xfa, 0x6b, 0xff, 0xf6, 
  0xba, 0xff, 0xf7, 0xff, 0xff, 0xf7, 0x9e, 0xff, 0xf7, 0xbe, 0xff, 0xf7, 0xbe, 0xff, 0xf7, 0xbe, 
  0xff, 0xf7, 0xbe, 0xff, 0xf7, 0xbe, 0xff, 0xf7, 0xbe, 0xff, 0xf7, 0xbe, 0xff, 0xf7, 0xbe, 0xff, 
  0xf7, 0xbe, 0xff, 0xf7, 0xbe, 0xff, 0xf7, 0xbe, 0xff, 0xf7, 0xbe, 0xff, 0xf7, 0xbe, 0xff, 0xf7, 
  0xbe, 0xff, 0xf7, 0xbe, 0xff, 0xf7, 0x9e, 0xff, 0xf7, 0xff, 0xff, 0xf6, 0x18, 0xff, 0xf9, 0xc8, 
  0xff, 0xf9, 0x67, 0xff, 0xf9, 0xc8, 0xff, 0xf9, 0xa8, 0xff, 0xf9, 0xa8, 0xff, 0xf9, 0xa8, 0xff, 
  0xf9, 0xa8, 0xff, 0xf9, 0xa8, 0xff, 0xf9, 0xa8, 0xff, 0xf9, 0xa8, 0xff, 0xf9, 0xa8, 0xff, 0xf9, 
  0xa8, 0xff, 0xf9, 0xa8, 0xff, 0xf9, 0xa8, 0xff, 0xf9, 0xa8, 0xff, 0xf9, 0xa8, 0xff, 0xf9, 0xa8, 
  0xff, 0xf9, 0xa8, 0xff, 0xf9, 0xa8, 0xff, 0xf9, 0xa8, 0xff, 0xf9, 0xa8, 0xff, 0xf9, 0xa8, 0xff, 
  0xf9, 0xa8, 0xff, 0xf9, 0xa8, 0xff, 0xf9, 0xa8, 0xff, 0xf9, 0xc8, 0xff, 0xf9, 0x67, 0xff, 0xf9, 
  0xc8, 0xff, 0xf6, 0x18, 0xff, 0xf7, 0xff, 0xff, 0xf7, 0x9e, 0xff, 0xf7, 0xbe, 0xff, 0xf7, 0xbe, 
  0xff, 0xf7, 0xbe, 0xff, 0xf7, 0xbe, 0xff, 0xf7, 0xbe, 0xff, 0xf7, 0xbe, 0xff, 0xf7, 0xbe, 0xff, 
  0xf7, 0xbe, 0xff, 0xf7, 0xbe, 0xff, 0xf7, 0xbe, 0xff, 0xf7, 0xbe, 0xff, 0xf7, 0xbe, 0xff, 0xf7, 
  0xbe, 0xff, 0xf7, 0x9e, 0xff, 0xf7, 0xff, 0xff, 0xf6, 0x18, 0xff, 0xf9, 0x87, 0xff, 0xf9, 0x87, 
  0xff, 0xf9, 0xc8, 0xff, 0xf9, 0xa8, 0xff, 0xf9, 0xa8, 0xff, 0xf9, 0xa8, 0xff, 0xf9, 0xa8, 0xff, 
  0xf9, 0xa8, 0xff, 0xf9, 0xa8, 0xff, 0xf9, 0xa8, 0xff, 0xf9, 0xa8, 0xff, 0xf9, 0xa8, 0xff, 0xf9, 
  0xa8, 0xff, 0xf9, 0xa8, 0xff, 0xf9, 0xa8, 0xff, 0xf9, 0xa8, 0xff, 0xf9, 0xa8, 0xff, 0xf9, 0xa8, 
  0xff, 0xf9, 0xc8, 0xff, 0xf9, 0xc8, 0xff, 0xf9, 0xc8, 0xff, 0xf9, 0xc8, 0xff, 0xf9, 0xc8, 0xff, 
  0xf9, 0xa8, 0xff, 0xf9, 0xa8, 0xff, 0xf9, 0xa8, 0xff, 0xf9, 0xa8, 0xff, 0xf9, 0xc8, 0xff, 0xf9, 
  0xa7, 0xff, 0xf9, 0x87, 0xff, 0xf6, 0x18, 0xff, 0xf7, 0xff, 0xff, 0xf7, 0x9e, 0xff, 0xf7, 0xbe, 
  0xff, 0xf7, 0xbe, 0xff, 0xf7, 0xbe, 0xff, 0xf7, 0xbe, 0xff, 0xf7, 0xbe, 0xff, 0xf7, 0xbe, 0xff, 
  0xf7, 0xbe, 0xff, 0xf7, 0xbe, 0xff, 0xf7, 0xbe, 0xff, 0xf7, 0xbe, 0xff, 0xf7, 0xbe, 0xff, 0xf7, 
  0xbe, 0xff, 0xf7, 0xff, 0xff, 0xf6, 0xba, 0xff, 0xf9, 0xc8, 0xff, 0xf9, 0x87, 0xff, 0xf9, 0xc8, 
  0xff, 0xf9, 0xa8, 0xff, 0xf9, 0xa8, 0xff, 0xf9, 0xa8, 0xff, 0xf9, 0xa8, 0xff, 0xf9, 0xa8, 0xff, 
  0xf9, 0xa8, 0xff, 0xf9, 0xa8, 0xff, 0xf9, 0xa8, 0xff, 0xf9, 0xa8, 0xff, 0xf9, 0xa8, 0xff, 0xf9, 
  0xa8, 0xff, 0xf9, 0xc8, 0xff, 0xf9, 0xc8, 0xff, 0xf9, 0xc8, 0xff, 0xf9, 0xc8, 0xff, 0xf9, 0xc8, 
  0xff, 0xf9, 0xa7, 0xff, 0xf9, 0x87, 0xff, 0xf9, 0x66, 0xff, 0xf9, 0x46, 0xff, 0xf9, 0x87, 0xff, 
  0xf9, 0xc8, 0xff, 0xf9, 0xa8, 0xff, 0xf9, 0xa8, 0xff, 0xf9, 0xa8, 0xff, 0xf9, 0xa8, 0xff, 0xf9, 
  0xc8, 0xff, 0xf9, 0xa7, 0xff, 0xf9, 0xc8, 0xff, 0xf6, 0x9a, 0xff, 0xf7, 0xff, 0xff, 0xf7, 0xbe, 
  0xff, 0xf7, 0xbe, 0xff, 0xf7, 0xbe, 0xff, 0xf7, 0xbe, 0xff, 0xf7, 0xbe, 0xff, 0xf7, 0xbe, 0xff, 
  0xf7, 0xbe, 0xff, 0xf7, 0xbe, 0xff, 0xf7, 0xbe, 0xff, 0xf7, 0xbe, 0xff, 0xf7, 0xbe, 0xff, 0xf7, 
  0xdf, 0xff, 0xf7, 0x7e, 0xff, 0xfa, 0x8b, 0xff, 0xf9, 0x67, 0xff, 0xf9, 0xc8, 0xff, 0xf9, 0xa8, 
  0xff, 0xf9, 0xa8, 0xff, 0xf9, 0xa8, 0xff, 0xf9, 0xa8, 0xff, 0xf9, 0xa8, 0xff, 0xf9, 0xa8, 0xff, 
  0xf9, 0xa8, 0xff, 0xf9, 0xa8, 0xff, 0xf9, 0xc8, 0xff, 0xf9, 0xc8, 0xff, 0xf9, 0xc8, 0xff, 0xf9, 
  0xc8, 0xff, 0xf9, 0xa7, 0xff, 0xf9, 0x87, 0xff, 0xf9, 0x46, 0xff, 0xf9, 0x46, 0xff, 0xf9, 0x87, 
  0xff, 0xf9, 0xe9, 0xff, 0xfa, 0xab, 0xff, 0xfb, 0xaf, 0xff, 0xfc, 0xd3, 0xff, 0xfb, 0x2d, 0xff, 
  0xf9, 0x87, 0xff, 0xf9, 0xc8, 0xff, 0xf9, 0xa8, 0xff, 0xf9, 0xa8, 0xff, 0xf9, 0xa8, 0xff, 0xf9, 
  0xa8, 0xff, 0xf9, 0xc8, 0xff, 0xf9, 0x67, 0xff, 0xfa, 0x6a, 0xff, 0xf7, 0x7d, 0xff, 0xf7, 0xdf, 
  0xff, 0xf7, 0xbe, 0xff, 0xf7, 0xbe, 0xff, 0xf7, 0xbe, 0xff, 0xf7, 0xbe, 0xff, 0xf7, 0xbe, 0xff, 
  0xf7, 0xbe, 0xff, 0xf7, 0xbe, 0xff, 0xf7, 0xbe, 0xff, 0xf7, 0xbe, 0xff, 0xf7, 0xbe, 0xff, 0xf7, 
  0xff, 0xff, 0xfc, 0x11, 0xff, 0xf9, 0x46, 0xff, 0xf9, 0xc8, 0xff, 0xf9, 0xa8, 0xff, 0xf9, 0xa8, 
  0xff, 0xf9, 0xa8, 0xff, 0xf9, 0xa8, 0xff, 0xf9, 0xa8, 0xff, 0xf9, 0xa8, 0xff, 0xf9, 0xa8, 0xff, 
  0xf9, 0xa8, 0xff, 0xf9, 0xa8, 0xff, 0xf9, 0x87, 0xff, 0xf9, 0x46, 0xff, 0xf9, 0x46, 0xff, 0xf9, 
  0x87, 0xff, 0xfa, 0x09, 0xff, 0xfa, 0xcc, 0xff, 0xfb, 0xcf, 0xff, 0xfc, 0xd3, 0xff, 0xfd, 0xf7, 
  0xff, 0xfe, 0xbb, 0xff, 0xff, 0x5d, 0xff, 0xff, 0x7d, 0xff, 0xff, 0xff, 0xff, 0xfd, 0xd7, 0xff, 
  0xf9, 0x66, 0xff, 0xf9, 0xc8, 0xff, 0xf9, 0xa8, 0xff, 0xf9, 0xa8, 0xff, 0xf9, 0xa8, 0xff, 0xf9, 
  0xa8, 0xff, 0xf9, 0xa8, 0xff, 0xf9, 0xc8, 0xff, 0xf9, 0x46, 0xff, 0xfc, 0x10, 0xff, 0xf7, 0xff, 
  0xff, 0xf7, 0xbe, 0xff, 0xf7, 0xbe, 0xff, 0xf7, 0xbe, 0xff, 0xf7, 0xbe, 0xff, 0xf7, 0xbe, 0xff, 
  0xf7, 0xbe, 0xff, 0xf7, 0xbe, 0xff, 0xf7, 0xbe, 0xff, 0xf7, 0xbe, 0xff, 0xf7, 0xff, 0xff, 0xf6, 
  0x59, 0xff, 0xf9, 0x87, 0xff, 0xf9, 0xc8, 0xff, 0xf9, 0xa8, 0xff, 0xf9, 0xa8, 0xff, 0xf9, 0xa8, 
  0xff, 0xf9, 0xa8, 0xff, 0xf9, 0xa8, 0xff, 0xf9, 0xa8, 0xff, 0xf9, 0xa8, 0xff, 0xf9, 0xa8, 0xff, 
  0xf9, 0xa8, 0xff, 0xf9, 0xa8, 0xff, 0xfa, 0xcc, 0xff, 0xfb, 0xf0, 0xff, 0xfc, 0xf4, 0xff, 0xfd, 
  0xf8, 0xff, 0xfe, 0xdb, 0xff, 0xff, 0x7d, 0xff, 0xff, 0xbe, 0xff, 0xff, 0xbe, 0xff, 0xff, 0x9e, 
  0xff, 0xff, 0x7d, 0xff, 0xff, 0x5d, 0xff, 0xff, 0x3c, 0xff, 0xff, 0x9e, 0xff, 0xfd, 0x96, 0xff, 
  0xf9, 0x66, 0xff, 0xf9, 0xc8, 0xff, 0xf9, 0xa8, 0xff, 0xf9, 0xa8, 0xff, 0xf9, 0xa8, 0xff, 0xf9, 
  0xa8, 0xff, 0xf9, 0xa8, 0xff, 0xf9, 0xa8, 0xff, 0xf9, 0xc8, 0xff, 0xf9, 0x67, 0xff, 0xf6, 0x39, 
  0xff, 0xf7, 0xff, 0xff, 0xf7, 0xbe, 0xff, 0xf7, 0xbe, 0xff, 0xf7, 0xbe, 0xff, 0xf7, 0xbe, 0xff, 
  0xf7, 0xbe, 0xff, 0xf7, 0xbe, 0xff, 0xf7, 0xbe, 0xff, 0xf7, 0xbe, 0xff, 0xf7, 0xdf, 0xff, 0xfb, 
  0x2d, 0xff, 0xf9, 0x67, 0xff, 0xf9, 0xc8, 0xff, 0xf9, 0xa8, 0xff, 0xf9, 0xa8, 0xff, 0xf9, 0xa8, 
  0xff, 0xf9, 0xa8, 0xff, 0xf9, 0xa8, 0xff, 0xf9, 0xa8, 0xff, 0xf9, 0xa8, 0xff, 0xf9, 0xc8, 0xff, 
  0xf9, 0x87, 0xff, 0xfa, 0xec, 0xff, 0xff, 0x7d, 0xff, 0xff, 0xbe, 0xff, 0xff, 0xbe, 0xff, 0xff, 
  0x9e, 0xff, 0xff, 0x7d, 0xff, 0xff, 0x3d, 0xff, 0xff, 0x3c, 0xff, 0xff, 0x3c, 0xff, 0xff, 0x5d, 
  0xff, 0xff, 0x5d, 0xff, 0xff, 0x5d, 0xff, 0xff, 0x5d, 0xff, 0xff, 0xbe, 0xff, 0xfd, 0x96, 0xff, 
  0xf9, 0x66, 0xff, 0xf9, 0xc8, 0xff, 0xf9, 0xa8, 0xff, 0xf9, 0xa8, 0xff, 0xf9, 0xa8, 0xff, 0xf9, 
  0xa8, 0xff, 0xf9, 0xa8, 0xff, 0xf9, 0xa8, 0xff, 0xf9, 0xc8, 0xff, 0xf9, 0x67, 0xff, 0xfb, 0x2d, 
  0xff, 0xf7, 0xdf, 0xff, 0xf7, 0xbe, 0xff, 0xf7, 0xbe, 0xff, 0xf7, 0xbe, 0xff, 0xf7, 0xbe, 0xff, 
  0xf7, 0xbe, 0xff, 0xf7, 0xbe, 0xff, 0xf7, 0xbe, 0xff, 0xf7, 0xff, 0xff, 0xf6, 0x39, 0xff, 0xf9, 
  0x67, 0xff, 0xf9, 0xc8, 0xff, 0xf9, 0xa8, 0xff, 0xf9, 0xa8, 0xff, 0xf9, 0xa8, 0xff, 0xf9, 0xa8, 
  0xff, 0xf9, 0xc8, 0xff, 0xf9, 0xc8, 0xff, 0xf9, 0xa8, 0xff, 0xf1, 0xc8, 0xff, 0xf1, 0xe8, 0xff, 
  0xf9, 0x87, 0xff, 0xf3, 0x4e, 0xff, 0xff, 0x7e, 0xff, 0xff, 0x3c, 0xff, 0xff, 0x3d, 0xff, 0xff, 
  0x3d, 0xff, 0xff, 0x5d, 0xff, 0xff, 0x5d, 0xff, 0xff, 0x5d, 0xff, 0xff, 0x5d, 0xff, 0xff, 0x5d, 
  0xff, 0xff, 0x5d, 0xff, 0xff, 0x5d, 0xff, 0xff, 0x5d, 0xff, 0xff, 0xbe, 0xff, 0xfd, 0x96, 0xff, 
  0xf9, 0x66, 0xff, 0xf9, 0xc8, 0xff, 0xf9, 0xa8, 0xff, 0xf9, 0xa8, 0xff, 0xf9, 0xa8, 0xff, 0xf9, 
  0xa8, 0xff, 0xf9, 0xa8, 0xff, 0xf9, 0xa8, 0xff, 0xf9, 0xa8, 0xff, 0xf9, 0xc8, 0xff, 0xf9, 0x67, 
  0xff, 0xf6, 0x38, 0xff, 0xf7, 0xff, 0xff, 0xf7, 0xbe, 0xff, 0xf7, 0xbe, 0xff, 0xf7, 0xbe, 0xff, 
  0xf7, 0xbe, 0xff, 0xf7, 0xbe, 0xff, 0xf7, 0x9e, 0xff, 0xf7, 0xff, 0xff, 0xfb, 0xd0, 0xff, 0xf9, 
  0x46, 0xff, 0xf9, 0xc8, 0xff, 0xf9, 0xa8, 0xff, 0xf1, 0xc8, 0xff, 0xf1, 0xc8, 0xff, 0xf1, 0xc8, 
  0xff, 0xf1, 0xe9, 0xff, 0xf1, 0xe8, 0xff, 0xf9, 0xa8, 0xff, 0xf1, 0xe9, 0xff, 0xf9, 0xe8, 0xff, 
  0xf9, 0x87, 0xff, 0xfb, 0x2d, 0xff, 0xff, 0x9e, 0xff, 0xff, 0x5d, 0xff, 0xff, 0x5d, 0xff, 0xff, 
  0x5d, 0xff, 0xff, 0x5d, 0xff, 0xff, 0x5d, 0xff, 0xff, 0x5d, 0xff, 0xff, 0x9e, 0xff, 0xff, 0xbe, 
  0xff, 0xff, 0xdf, 0xff, 0xff, 0xbe, 0xff, 0xff, 0x3c, 0xff, 0xff, 0xbe, 0xff, 0xfd, 0x96, 0xff, 
  0xf9, 0x66, 0xff, 0xf9, 0xc8, 0xff, 0xf9, 0xa8, 0xff, 0xf9, 0xa8, 0xff, 0xf9, 0xa8, 0xff, 0xf9, 
  0xa8, 0xff, 0xf9, 0xa8, 0xff, 0xf9, 0xa8, 0xff, 0xf9, 0xa8, 0xff, 0xf9, 0xc8, 0xff, 0xf9, 0x46, 
  0xff, 0xfb, 0xaf, 0xff, 0xf7, 0xff, 0xff, 0xf7, 0x7e, 0xff, 0xf7, 0x9e, 0xff, 0xef, 0x7d, 0xff, 
  0xf7, 0xbe, 0xff, 0xf7, 0xbe, 0xff, 0xf7, 0xdf, 0xff, 0xf7, 0x5d, 0xff, 0xfa, 0x09, 0xff, 0xf9, 
  0xc8, 0xff, 0xf2, 0x09, 0xff, 0xf1, 0xc8, 0xff, 0xf2, 0x09, 0xff, 0xf2, 0x09, 0xff, 0xf1, 0xc8, 
  0xff, 0xf1, 0xe8, 0xff, 0xf1, 0xe8, 0xff, 0xf9, 0xa8, 0xff, 0xf9, 0xc8, 0xff, 0xf9, 0xc8, 0xff, 
  0xf9, 0x66, 0xff, 0xfb, 0x2d, 0xff, 0xff, 0x9e, 0xff, 0xff, 0x5d, 0xff, 0xff, 0x7e, 0xff, 0xff, 
  0xbe, 0xff, 0xff, 0xdf, 0xff, 0xff, 0xbe, 0xff, 0xff, 0x5d, 0xff, 0xee, 0x9a, 0xff, 0xe5, 0x96, 
  0xff, 0xdc, 0x51, 0xff, 0xd3, 0x0d, 0xff, 0xca, 0x09, 0xff, 0xf6, 0xba, 0xff, 0xfd, 0xd7, 0xff, 
  0xf9, 0x46, 0xff, 0xf9, 0xc8, 0xff, 0xf9, 0xa8, 0xff, 0xf9, 0xa8, 0xff, 0xf9, 0xa8, 0xff, 0xf9, 
  0xa8, 0xff, 0xf9, 0xa8, 0xff, 0xf9, 0xa8, 0xff, 0xf9, 0xa8, 0xff, 0xf9, 0xc8, 0xff, 0xf1, 0xe8, 
  0xff, 0xf2, 0x29, 0xff, 0xf7, 0x1c, 0xff, 0xef, 0x9e, 0xff, 0xf7, 0x9e, 0xff, 0xf7, 0x9e, 0xff, 
  0xf7, 0xbe, 0xff, 0xf7, 0x9e, 0xff, 0xf7, 0xff, 0xff, 0xf5, 0xd7, 0xff, 0xf9, 0x66, 0xff, 0xf2, 
  0x09, 0xff, 0xf2, 0x09, 0xff, 0xf1, 0xe8, 0xff, 0xf1, 0xc8, 0xff, 0xf1, 0xe8, 0xff, 0xf9, 0xc8, 
  0xff, 0xf9, 0xc8, 0xff, 0xf9, 0xa8, 0xff, 0xf9, 0xa8, 0xff, 0xf9, 0xa8, 0xff, 0xf9, 0xc8, 0xff, 
  0xf9, 0x67, 0xff, 0xfb, 0x2d, 0xff, 0xff, 0x9e, 0xff, 0xff, 0x7d, 0xff, 0xf6, 0xdb, 0xff, 0xe5, 
  0xd7, 0xff, 0xdc, 0xb3, 0xff, 0xd3, 0x6e, 0xff, 0xd2, 0x4a, 0xff, 0xd1, 0x87, 0xff, 0xd9, 0x46, 
  0xff, 0xe9, 0x26, 0xff, 0xf1, 0x66, 0xff, 0xf9, 0x46, 0xff, 0xfe, 0x59, 0xff, 0xfd, 0xf7, 0xff, 
  0xf9, 0x46, 0xff, 0xf9, 0xc8, 0xff, 0xf9, 0xa8, 0xff, 0xf9, 0xa8, 0xff, 0xf9, 0xa8, 0xff, 0xf9, 
  0xa8, 0xff, 0xf9, 0xa8, 0xff, 0xf9, 0xa8, 0xff, 0xf9, 0xa8, 0xff, 0xf1, 0xe8, 0xff, 0xf2, 0x29, 
  0xff, 0xf1, 0xa7, 0xff, 0xf5, 0xb7, 0xff, 0xef, 0xdf, 0xff, 0xf7, 0x9e, 0xff, 0xf7, 0xbe, 0xff, 
  0xf7, 0xbe, 0xff, 0xf7, 0x9e, 0xff, 0xf7, 0xff, 0xff, 0xfc, 0x72, 0xff, 0xf9, 0x46, 0xff, 0xf9, 
  0xe8, 0xff, 0xf1, 0xe8, 0xff, 0xf9, 0xc8, 0xff, 0xf9, 0xa8, 0xff, 0xf9, 0xa8, 0xff, 0xf9, 0xa8, 
  0xff, 0xf9, 0xa8, 0xff, 0xf9, 0xa8, 0xff, 0xf9, 0xa8, 0xff, 0xf9, 0xa8, 0xff, 0xf9, 0xc8, 0xff, 
  0xf9, 0x67, 0xff, 0xfb, 0x2d, 0xff, 0xff, 0xdf, 0xff, 0xdb, 0xcf, 0xff, 0xd1, 0x87, 0xff, 0xd9, 
  0x66, 0xff, 0xe1, 0x26, 0xff, 0xf1, 0x46, 0xff, 0xf9, 0x87, 0xff, 0xf9, 0xa8, 0xff, 0xf9, 0xc8, 
  0xff, 0xf9, 0xc8, 0xff, 0xf9, 0xc8, 0xff, 0xf9, 0x67, 0xff, 0xfe, 0x79, 0xff, 0xfd, 0xd7, 0xff, 
  0xf9, 0x46, 0xff, 0xf9, 0xc8, 0xff, 0xf9, 0xa8, 0xff, 0xf9, 0xa8, 0xff, 0xf9, 0xa8, 0xff, 0xf9, 
  0xa8, 0xff, 0xf9, 0xa8, 0xff, 0xf9, 0xa8, 0xff, 0xf9, 0xa8, 0xff, 0xf9, 0xc8, 0xff, 0xf1, 0xe9, 
  0xff, 0xf9, 0x66, 0xff, 0xf4, 0x52, 0xff, 0xf7, 0xff, 0xff, 0xf7, 0x9e, 0xff, 0xf7, 0xbe, 0xff, 
  0xf7, 0xbe, 0xff, 0xf7, 0xbe, 0xff, 0xf7, 0xff, 0xff, 0xfb, 0x4e, 0xff, 0xf9, 0x66, 0xff, 0xf9, 
  0xc8, 0xff, 0xf9, 0xa8, 0xff, 0xf9, 0xa8, 0xff, 0xf9, 0xa8, 0xff, 0xf9, 0xa8, 0xff, 0xf9, 0xa8, 
  0xff, 0xf9, 0xa8, 0xff, 0xf9, 0xa8, 0xff, 0xf9, 0xa8, 0xff, 0xf9, 0xa8, 0xff, 0xf9, 0xc8, 0xff, 
  0xf9, 0x67, 0xff, 0xfb, 0x2d, 0xff, 0xff, 0xdf, 0xff, 0xfa, 0xcc, 0xff, 0xf9, 0x66, 0xff, 0xf9, 
  0xe8, 0xff, 0xf9, 0xc8, 0xff, 0xf9, 0xc8, 0xff, 0xf9, 0xc8, 0xff, 0xf9, 0xa8, 0xff, 0xf9, 0xa8, 
  0xff, 0xf9, 0xa8, 0xff, 0xf9, 0xc8, 0xff, 0xf9, 0x67, 0xff, 0xfe, 0x59, 0xff, 0xfd, 0xd7, 0xff, 
  0xf9, 0x46, 0xff, 0xf9, 0xc8, 0xff, 0xf9, 0xa8, 0xff, 0xf9, 0xa8, 0xff, 0xf9, 0xa8, 0xff, 0xf9, 
  0xa8, 0xff, 0xf9, 0xa8, 0xff, 0xf9, 0xa8, 0xff, 0xf9, 0xa8, 0xff, 0xf9, 0xa8, 0xff, 0xf9, 0xc8, 
  0xff, 0xf9, 0x66, 0xff, 0xfb, 0x4e, 0xff, 0xf7, 0xff, 0xff, 0xf7, 0xbe, 0xff, 0xf7, 0xbe, 0xff, 
  0xf7, 0xbe, 0xff, 0xf7, 0xbe, 0xff, 0xf7, 0xbe, 0xff, 0xfa, 0x8b, 0xff, 0xf9, 0x87, 0xff, 0xf9, 
  0xc8, 0xff, 0xf9, 0xa8, 0xff, 0xf9, 0xa8, 0xff, 0xf9, 0xa8, 0xff, 0xf9, 0xa8, 0xff, 0xf9, 0xa8, 
  0xff, 0xf9, 0xa8, 0xff, 0xf9, 0xa8, 0xff, 0xf9, 0xa8, 0xff, 0xf9, 0xa8, 0xff, 0xf9, 0xc8, 0xff, 
  0xf9, 0x67, 0xff, 0xfb, 0x2d, 0xff, 0xff, 0xdf, 0xff, 0xfb, 0x0d, 0xff, 0xf9, 0x67, 0xff, 0xf9, 
  0xc8, 0xff, 0xf9, 0xa8, 0xff, 0xf9, 0xa8, 0xff, 0xf9, 0xa8, 0xff, 0xf9, 0xa8, 0xff, 0xf9, 0xa8, 
  0xff, 0xf9, 0xa8, 0xff, 0xf9, 0xc8, 0xff, 0xf9, 0x67, 0xff, 0xfe, 0x59, 0xff, 0xfd, 0xd7, 0xff, 
  0xf9, 0x46, 0xff, 0xf9, 0xc8, 0xff, 0xf9, 0xa8, 0xff, 0xf9, 0xa8, 0xff, 0xf9, 0xa8, 0xff, 0xf9, 
  0xa8, 0xff, 0xf9, 0xa8, 0xff, 0xf9, 0xa8, 0xff, 0xf9, 0xa8, 0xff, 0xf9, 0xa8, 0xff, 0xf9, 0xc8, 
  0xff, 0xf9, 0x87, 0xff, 0xfa, 0x8b, 0xff, 0xf7, 0xbe, 0xff, 0xf7, 0xbe, 0xff, 0xf7, 0xbe, 0xff, 
  0xf7, 0xbe, 0xff, 0xf7, 0xdf, 0xff, 0xf7, 0x5d, 0xff, 0xfa, 0x29, 0xff, 0xf9, 0x87, 0xff, 0xf9, 
  0xc8, 0xff, 0xf9, 0xa8, 0xff, 0xf9, 0xa8, 0xff, 0xf9, 0xa8, 0xff, 0xf9, 0xa8, 0xff, 0xf9, 0xa8, 
  0xff, 0xf9, 0xa8, 0xff, 0xf9, 0xa8, 0xff, 0xf9, 0xa8, 0xff, 0xf9, 0xa8, 0xff, 0xf9, 0xc8, 0xff, 
  0xf9, 0x67, 0xff, 0xfb, 0x2d, 0xff, 0xff, 0xdf, 0xff, 0xfa, 0xec, 0xff, 0xf9, 0x67, 0xff, 0xf9, 
  0xc8, 0xff, 0xf9, 0xa8, 0xff, 0xf9, 0xa8, 0xff, 0xf9, 0xa8, 0xff, 0xf9, 0xa8, 0xff, 0xf9, 0xa8, 
  0xff, 0xf9, 0xa8, 0xff, 0xf9, 0xc8, 0xff, 0xf9, 0x67, 0xff, 0xfe, 0x59, 0xff, 0xfd, 0xd7, 0xff, 
  0xf9, 0x46, 0xff, 0xf9, 0xc8, 0xff, 0xf9, 0xa8, 0xff, 0xf9, 0xa8, 0xff, 0xf9, 0xa8, 0xff, 0xf9, 
  0xa8, 0xff, 0xf9, 0xa8, 0xff, 0xf9, 0xa8, 0xff, 0xf9, 0xa8, 0xff, 0xf9, 0xa8, 0xff, 0xf9, 0xc8, 
  0xff, 0xf9, 0xa7, 0xff, 0xfa, 0x29, 0xff, 0xf7, 0x5d, 0xff, 0xf7, 0xdf, 0xff, 0xf7, 0xbe, 0xff, 
  0xf7, 0xbe, 0xff, 0xf7, 0xdf, 0xff, 0xf7, 0x3c, 0xff, 0xfa, 0x09, 0xff, 0xf9, 0xa7, 0xff, 0xf9, 
  0xc8, 0xff, 0xf9, 0xa8, 0xff, 0xf9, 0xa8, 0xff, 0xf9, 0xa8, 0xff, 0xf9, 0xa8, 0xff, 0xf9, 0xa8, 
  0xff, 0xf9, 0xa8, 0xff, 0xf9, 0xa8, 0xff, 0xf9, 0xa8, 0xff, 0xf9, 0xa8, 0xff, 0xf9, 0xc8, 0xff, 
  0xf9, 0x67, 0xff, 0xfb, 0x2d, 0xff, 0xff, 0xdf, 0xff, 0xfa, 0xec, 0xff, 0xf9, 0x67, 0xff, 0xf9, 
  0xc8, 0xff, 0xf9, 0xa8, 0xff, 0xf9, 0xa8, 0xff, 0xf9, 0xa8, 0xff, 0xf9, 0xa8, 0xff, 0xf9, 0xa8, 
  0xff, 0xf9, 0xa8, 0xff, 0xf9, 0xc8, 0xff, 0xf9, 0x67, 0xff, 0xfe, 0x59, 0xff, 0xfd, 0xd7, 0xff, 
  0xf9, 0x46, 0xff, 0xf9, 0xc8, 0xff, 0xf9, 0xa8, 0xff, 0xf9, 0xa8, 0xff, 0xf9, 0xa8, 0xff, 0xf9, 
  0xa8, 0xff, 0xf9, 0xa8, 0xff, 0xf9, 0xa8, 0xff, 0xf9, 0xa8, 0xff, 0xf9, 0xa8, 0xff, 0xf9, 0xc8, 
  0xff, 0xf9, 0xa7, 0xff, 0xf9, 0xe9, 0xff, 0xf7, 0x1c, 0xff, 0xf7, 0xdf, 0xff, 0xf7, 0xbe, 0xff, 
  0xf7, 0xbe, 0xff, 0xf7, 0xdf, 0xff, 0xf7, 0x3c, 0xff, 0xfa, 0x09, 0xff, 0xf9, 0xa7, 0xff, 0xf9, 
  0xc8, 0xff, 0xf9, 0xa8, 0xff, 0xf9, 0xa8, 0xff, 0xf9, 0xa8, 0xff, 0xf9, 0xa8, 0xff, 0xf9, 0xa8, 
  0xff, 0xf9, 0xa8, 0xff, 0xf9, 0xa8, 0xff, 0xf9, 0xa8, 0xff, 0xf9, 0xa8, 0xff, 0xf9, 0xc8, 0xff, 
  0xf9, 0x67, 0xff, 0xfb, 0x2d, 0xff, 0xff, 0xdf, 0xff, 0xfa, 0xec, 0xff, 0xf9, 0x67, 0xff, 0xf9, 
  0xc8, 0xff, 0xf9, 0xa8, 0xff, 0xf9, 0xa8, 0xff, 0xf9, 0xa8, 0xff, 0xf9, 0xa8, 0xff, 0xf9, 0xa8, 
  0xff, 0xf9, 0xa8, 0xff, 0xf9, 0xc8, 0xff, 0xf9, 0x67, 0xff, 0xfe, 0x59, 0xff, 0xfd, 0xd7, 0xff, 
  0xf9, 0x46, 0xff, 0xf9, 0xc8, 0xff, 0xf9, 0xa8, 0xff, 0xf9, 0xa8, 0xff, 0xf9, 0xa8, 0xff, 0xf9, 
  0xa8, 0xff, 0xf9, 0xa8, 0xff, 0xf9, 0xa8, 0xff, 0xf9, 0xa8, 0xff, 0xf9, 0xa8, 0xff, 0xf9, 0xc8, 
  0xff, 0xf9, 0xa7, 0xff, 0xf9, 0xe9, 0xff, 0xf7, 0x1c, 0xff, 0xf7, 0xdf, 0xff, 0xf7, 0xbe, 0xff, 
  0xf7, 0xbe, 0xff, 0xf7, 0xdf, 0xff, 0xf7, 0x5d, 0xff, 0xfa, 0x29, 0xff, 0xf9, 0x87, 0xff, 0xf9, 
  0xc8, 0xff, 0xf9, 0xa8, 0xff, 0xf9, 0xa8, 0xff, 0xf9, 0xa8, 0xff, 0xf9, 0xa8, 0xff, 0xf9, 0xa8, 
  0xff, 0xf9, 0xa8, 0xff, 0xf9, 0xa8, 0xff, 0xf9, 0xa8, 0xff, 0xf9, 0xa8, 0xff, 0xf9, 0xc8, 0xff, 
  0xf9, 0x67, 0xff, 0xfb, 0x2d, 0xff, 0xff, 0xdf, 0xff, 0xfa, 0xec, 0xff, 0xf9, 0x67, 0xff, 0xf9, 
  0xc8, 0xff, 0xf9, 0xa8, 0xff, 0xf9, 0xa8, 0xff, 0xf9, 0xa8, 0xff, 0xf9, 0xa8, 0xff, 0xf9, 0xc8, 
  0xff, 0xf9, 0xc8, 0xff, 0xf9, 0xc8, 0xff, 0xf9, 0x87, 0xff, 0xfe, 0x59, 0xff, 0xfd, 0xd7, 0xff, 
  0xf9, 0x46, 0xff, 0xf9, 0xc8, 0xff, 0xf9, 0xa8, 0xff, 0xf9, 0xa8, 0xff, 0xf9, 0xa8, 0xff, 0xf9, 
  0xa8, 0xff, 0xf9, 0xa8, 0xff, 0xf9, 0xa8, 0xff, 0xf9, 0xa8, 0xff, 0xf9, 0xa8, 0xff, 0xf9, 0xc8, 
  0xff, 0xf9, 0xa7, 0xff, 0xfa, 0x29, 0xff, 0xf7, 0x5d, 0xff, 0xf7, 0xdf, 0xff, 0xf7, 0xbe, 0xff, 
  0xf7, 0xbe, 0xff, 0xf7, 0xbe, 0xff, 0xf7, 0xbe, 0xff, 0xfa, 0x8b, 0xff, 0xf9, 0x87, 0xff, 0xf9, 
  0xc8, 0xff, 0xf9, 0xa8, 0xff, 0xf9, 0xa8, 0xff, 0xf9, 0xa8, 0xff, 0xf9, 0xa8, 0xff, 0xf9, 0xa8, 
  0xff, 0xf9, 0xa8, 0xff, 0xf9, 0xa8, 0xff, 0xf9, 0xa8, 0xff, 0xf9, 0xa8, 0xff, 0xf9, 0xc8, 0xff, 
  0xf9, 0x67, 0xff, 0xfb, 0x2d, 0xff, 0xff, 0xdf, 0xff, 0xfa, 0xec, 0xff, 0xf9, 0x67, 0xff, 0xf9, 
  0xc8, 0xff, 0xf9, 0xa8, 0xff, 0xf9, 0xa8, 0xff, 0xf9, 0xc8, 0xff, 0xf9, 0xc8, 0xff, 0xf9, 0x87, 
  0xff, 0xf9, 0x67, 0xff, 0xf9, 0x67, 0xff, 0xf9, 0x26, 0xff, 0xfe, 0x79, 0xff, 0xfd, 0xd7, 0xff, 
  0xf9, 0x46, 0xff, 0xf9, 0xc8, 0xff, 0xf9, 0xa8, 0xff, 0xf9, 0xa8, 0xff, 0xf9, 0xa8, 0xff, 0xf9, 
  0xa8, 0xff, 0xf9, 0xa8, 0xff, 0xf9, 0xa8, 0xff, 0xf9, 0xa8, 0xff, 0xf9, 0xa8, 0xff, 0xf9, 0xc8, 
  0xff, 0xf9, 0x87, 0xff, 0xfa, 0x8b, 0xff, 0xf7, 0x9e, 0xff, 0xf7, 0xbe, 0xff, 0xf7, 0xbe, 0xff, 
  0xf7, 0xbe, 0xff, 0xf7, 0xbe, 0xff, 0xf7, 0xff, 0xff, 0xfb, 0x4e, 0xff, 0xf9, 0x67, 0xff, 0xf9, 
  0xc8, 0xff, 0xf9, 0xa8, 0xff, 0xf9, 0xa8, 0xff, 0xf9, 0xa8, 0xff, 0xf9, 0xa8, 0xff, 0xf9, 0xa8, 
  0xff, 0xf9, 0xa8, 0xff, 0xf9, 0xa8, 0xff, 0xf9, 0xa8, 0xff, 0xf9, 0xa8, 0xff, 0xf9, 0xc8, 0xff, 
  0xf9, 0x67, 0xff, 0xfb, 0x2d, 0xff, 0xff, 0xdf, 0xff, 0xfa, 0xec, 0xff, 0xf9, 0x67, 0xff, 0xf9, 
  0xc8, 0xff, 0xf9, 0xa8, 0xff, 0xf9, 0xc8, 0xff, 0xf9, 0x87, 0xff, 0xf9, 0x87, 0xff, 0xfa, 0xab, 
  0xff, 0xfb, 0x2d, 0xff, 0xfb, 0x2d, 0xff, 0xfb, 0xf0, 0xff, 0xff, 0x7d, 0xff, 0xfd, 0xb7, 0xff, 
  0xf9, 0x66, 0xff, 0xf9, 0xc8, 0xff, 0xf9, 0xa8, 0xff, 0xf9, 0xa8, 0xff, 0xf9, 0xa8, 0xff, 0xf9, 
  0xa8, 0xff, 0xf9, 0xa8, 0xff, 0xf9, 0xa8, 0xff, 0xf9, 0xa8, 0xff, 0xf9, 0xa8, 0xff, 0xf9, 0xc8, 
  0xff, 0xf9, 0x67, 0xff, 0xfb, 0x2d, 0xff, 0xf7, 0xff, 0xff, 0xf7, 0xbe, 0xff, 0xf7, 0xbe, 0xff, 
  0xf7, 0xbe, 0xff, 0xf7, 0x9e, 0xff, 0xf7, 0xff, 0xff, 0xfc, 0x72, 0xff, 0xf9, 0x46, 0xff, 0xf9, 
  0xc8, 0xff, 0xf9, 0xa8, 0xff, 0xf9, 0xa8, 0xff, 0xf9, 0xa8, 0xff, 0xf9, 0xa8, 0xff, 0xf9, 0xa8, 
  0xff, 0xf9, 0xa8, 0xff, 0xf9, 0xc8, 0xff, 0xf9, 0xc8, 0xff, 0xf9, 0xa8, 0xff, 0xf9, 0xc8, 0xff, 
  0xf9, 0x66, 0xff, 0xfb, 0x0d, 0xff, 0xff, 0xdf, 0xff, 0xfa, 0xec, 0xff, 0xf9, 0x67, 0xff, 0xf9, 
  0xc8, 0xff, 0xf9, 0xc8, 0xff, 0xf9, 0x87, 0xff, 0xfa, 0x4a, 0xff, 0xfe, 0x18, 0xff, 0xff, 0x7d, 
  0xff, 0xff, 0x9e, 0xff, 0xff, 0x9e, 0xff, 0xff, 0x9e, 0xff, 0xff, 0xdf, 0xff, 0xfd, 0x96, 0xff, 
  0xf9, 0x66, 0xff, 0xf9, 0xc8, 0xff, 0xf9, 0xa8, 0xff, 0xf9, 0xa8, 0xff, 0xf9, 0xa8, 0xff, 0xf9, 
  0xa8, 0xff, 0xf9, 0xa8, 0xff, 0xf9, 0xa8, 0xff, 0xf9, 0xa8, 0xff, 0xf9, 0xa8, 0xff, 0xf9, 0xc8, 
  0xff, 0xf9, 0x46, 0xff, 0xfc, 0x51, 0xff, 0xf7, 0xff, 0xff, 0xf7, 0x9e, 0xff, 0xf7, 0xbe, 0xff, 
  0xf7, 0xbe, 0xff, 0xf7, 0x9e, 0xff, 0xf7, 0xff, 0xff, 0xf5, 0xd7, 0xff, 0xf9, 0x66, 0xff, 0xf9, 
  0xc8, 0xff, 0xf9, 0xa8, 0xff, 0xf9, 0xa8, 0xff, 0xf9, 0xa8, 0xff, 0xf9, 0xa8, 0xff, 0xf9, 0xa8, 
  0xff, 0xf9, 0xc8, 0xff, 0xf9, 0x87, 0xff, 0xf9, 0x46, 0xff, 0xf9, 0xa7, 0xff, 0xf9, 0xc8, 0xff, 
  0xf9, 0x87, 0xff, 0xfc, 0x31, 0xff, 0xff, 0xdf, 0xff, 0xfa, 0xec, 0xff, 0xf9, 0x67, 0xff, 0xf9, 
  0xc8, 0xff, 0xf9, 0xc8, 0xff, 0xf9, 0x46, 0xff, 0xfd, 0x14, 0xff, 0xff, 0xff, 0xff, 0xff, 0x5d, 
  0xff, 0xff, 0x5d, 0xff, 0xff, 0x5d, 0xff, 0xff, 0x3d, 0xff, 0xff, 0xbe, 0xff, 0xfd, 0x96, 0xff, 
  0xf9, 0x66, 0xff, 0xf9, 0xc8, 0xff, 0xf9, 0xa8, 0xff, 0xf9, 0xa8, 0xff, 0xf9, 0xa8, 0xff, 0xf9, 
  0xa8, 0xff, 0xf9, 0xa8, 0xff, 0xf9, 0xa8, 0xff, 0xf9, 0xa8, 0xff, 0xf9, 0xa8, 0xff, 0xf9, 0xc8, 
  0xff, 0xf9, 0x66, 0xff, 0xf5, 0xb7, 0xff, 0xf7, 0xff, 0xff, 0xf7, 0x9e, 0xff, 0xf7, 0xbe, 0xff, 
  0xf7, 0xbe, 0xff, 0xf7, 0xbe, 0xff, 0xf7, 0xdf, 0xff, 0xf7, 0x3c, 0xff, 0xfa, 0x09, 0xff, 0xf9, 
  0xa7, 0xff, 0xf9, 0xc8, 0xff, 0xf9, 0xa8, 0xff, 0xf9, 0xa8, 0xff, 0xf9, 0xa8, 0xff, 0xf9, 0xc8, 
  0xff, 0xf9, 0x87, 0xff, 0xfa, 0x6a, 0xff, 0xfd, 0x55, 0xff, 0xfe, 0x59, 0xff, 0xfe, 0x7a, 0xff, 
  0xfe, 0x9a, 0xff, 0xff, 0x5d, 0xff, 0xff, 0x9e, 0xff, 0xfb, 0x0d, 0xff, 0xf9, 0x67, 0xff, 0xf9, 
  0xc8, 0xff, 0xf9, 0xc8, 0xff, 0xf9, 0x67, 0xff, 0xfd, 0xd7, 0xff, 0xff, 0x9e, 0xff, 0xff, 0x3d, 
  0xff, 0xff, 0x5d, 0xff, 0xff, 0x5d, 0xff, 0xff, 0x3d, 0xff, 0xff, 0xbe, 0xff, 0xfd, 0xb7, 0xff, 
  0xf9, 0x66, 0xff, 0xf9, 0xc8, 0xff, 0xf9, 0xa8, 0xff, 0xf9, 0xa8, 0xff, 0xf9, 0xa8, 0xff, 0xf9, 
  0xa8, 0xff, 0xf9, 0xa8, 0xff, 0xf9, 0xa8, 0xff, 0xf9, 0xa8, 0xff, 0xf9, 0xc8, 0xff, 0xf9, 0xa7, 
  0xff, 0xfa, 0x09, 0xff, 0xf7, 0x3c, 0xff, 0xf7, 0xdf, 0xff, 0xf7, 0xbe, 0xff, 0xf7, 0xbe, 0xff, 
  0xf7, 0xbe, 0xff, 0xf7, 0xbe, 0xff, 0xf7, 0x9e, 0xff, 0xf7, 0xff, 0xff, 0xfb, 0xaf, 0xff, 0xf9, 
  0x46, 0xff, 0xf9, 0xc8, 0xff, 0xf9, 0xa8, 0xff, 0xf9, 0xa8, 0xff, 0xf9, 0xc8, 0xff, 0xf9, 0xa8, 
  0xff, 0xf9, 0xe8, 0xff, 0xfe, 0x9a, 0xff, 0xff, 0xff, 0xff, 0xff, 0x9e, 0xff, 0xff, 0x9e, 0xff, 
  0xff, 0x9e, 0xff, 0xff, 0x5d, 0xff, 0xff, 0x9e, 0xff, 0xfb, 0x0d, 0xff, 0xf9, 0x67, 0xff, 0xf9, 
  0xc8, 0xff, 0xf9, 0xc8, 0xff, 0xf9, 0x46, 0xff, 0xec, 0x92, 0xff, 0xff, 0xff, 0xff, 0xff, 0x7d, 
  0xff, 0xff, 0x7d, 0xff, 0xff, 0x7d, 0xff, 0xff, 0x9e, 0xff, 0xff, 0xff, 0xff, 0xeb, 0xf0, 0xff, 
  0xf9, 0x66, 0xff, 0xf9, 0xc8, 0xff, 0xf9, 0xa8, 0xff, 0xf9, 0xa8, 0xff, 0xf9, 0xa8, 0xff, 0xf9, 
  0xa8, 0xff, 0xf9, 0xa8, 0xff, 0xf9, 0xa8, 0xff, 0xf9, 0xa8, 0xff, 0xf9, 0xc8, 0xff, 0xf9, 0x46, 
  0xff, 0xfb, 0xaf, 0xff, 0xf7, 0xff, 0xff, 0xf7, 0xbe, 0xff, 0xf7, 0xbe, 0xff, 0xf7, 0xbe, 0xff, 
  0xf7, 0xbe, 0xff, 0xf7, 0xbe, 0xff, 0xf7, 0xbe, 0xff, 0xf7, 0xff, 0xff, 0xf6, 0x18, 0xff, 0xf9, 
  0x67, 0xff, 0xf9, 0xc8, 0xff, 0xf9, 0xa8, 0xff, 0xf9, 0xa8, 0xff, 0xf9, 0xc8, 0xff, 0xf9, 0x67, 
  0xff, 0xfa, 0xec, 0xff, 0xff, 0x9e, 0xff, 0xff, 0x3d, 0xff, 0xff, 0x5d, 0xff, 0xff, 0x5d, 0xff, 
  0xff, 0x5d, 0xff, 0xff, 0x5d, 0xff, 0xff, 0x9e, 0xff, 0xfb, 0x0d, 0xff, 0xf9, 0x67, 0xff, 0xf9, 
  0xc8, 0xff, 0xf9, 0xa8, 0xff, 0xf9, 0xa8, 0xff, 0xe1, 0xa7, 0xff, 0xdc, 0xd3, 0xff, 0xf6, 0xdb, 
  0xff, 0xff, 0x3c, 0xff, 0xff, 0x3c, 0xff, 0xee, 0x9a, 0xff, 0xd3, 0xf0, 0xff, 0xe9, 0x67, 0xff, 
  0xf9, 0xc8, 0xff, 0xf9, 0xa8, 0xff, 0xf9, 0xa8, 0xff, 0xf9, 0xa8, 0xff, 0xf9, 0xa8, 0xff, 0xf9, 
  0xa8, 0xff, 0xf9, 0xa8, 0xff, 0xf9, 0xa8, 0xff, 0xf9, 0xa8, 0xff, 0xf9, 0xc8, 0xff, 0xf9, 0x67, 
  0xff, 0xf6, 0x18, 0xff, 0xf7, 0xff, 0xff, 0xf7, 0xbe, 0xff, 0xf7, 0xbe, 0xff, 0xf7, 0xbe, 0xff, 
  0xf7, 0xbe, 0xff, 0xf7, 0xbe, 0xff, 0xf7, 0xbe, 0xff, 0xf7, 0xbe, 0xff, 0xf7, 0xdf, 0xff, 0xfb, 
  0x0d, 0xff, 0xf9, 0x67, 0xff, 0xf9, 0xc8, 0xff, 0xf9, 0xa8, 0xff, 0xf9, 0xc8, 0xff, 0xf9, 0x87, 
  0xff, 0xf2, 0x8b, 0xff, 0xff, 0x9e, 0xff, 0xff, 0x7d, 0xff, 0xff, 0x3d, 0xff, 0xff, 0x5d, 0xff, 
  0xff, 0x3d, 0xff, 0xff, 0x7e, 0xff, 0xff, 0x7d, 0xff, 0xf2, 0x6a, 0xff, 0xf9, 0x87, 0xff, 0xf9, 
  0xc8, 0xff, 0xf9, 0xa8, 0xff, 0xf9, 0xc8, 0xff, 0xf9, 0xa8, 0xff, 0xe1, 0x26, 0xff, 0xd1, 0xa7, 
  0xff, 0xd2, 0x29, 0xff, 0xd2, 0x09, 0xff, 0xd1, 0x87, 0xff, 0xe9, 0x46, 0xff, 0xf9, 0xc8, 0xff, 
  0xf9, 0xa8, 0xff, 0xf9, 0xa8, 0xff, 0xf9, 0xa8, 0xff, 0xf9, 0xa8, 0xff, 0xf9, 0xa8, 0xff, 0xf9, 
  0xa8, 0xff, 0xf9, 0xa8, 0xff, 0xf9, 0xa8, 0xff, 0xf9, 0xc8, 0xff, 0xf9, 0x67, 0xff, 0xfb, 0x0d, 
  0xff, 0xf7, 0xdf, 0xff, 0xf7, 0xbe, 0xff, 0xf7, 0xbe, 0xff, 0xf7, 0xbe, 0xff, 0xf7, 0xbe, 0xff, 
  0xf7, 0xbe, 0xff, 0xf7, 0xbe, 0xff, 0xf7, 0xbe, 0xff, 0xf7, 0xbe, 0xff, 0xf7, 0xff, 0xff, 0xf6, 
  0x39, 0xff, 0xf9, 0x67, 0xff, 0xf9, 0xc8, 0xff, 0xf9, 0xa8, 0xff, 0xf9, 0xa8, 0xff, 0xf9, 0xc8, 
  0xff, 0xf1, 0x67, 0xff, 0xdc, 0xb3, 0xff, 0xff, 0xbe, 0xff, 0xff, 0xbf, 0xff, 0xff, 0xdf, 0xff, 
  0xff, 0xdf, 0xff, 0xf7, 0x5d, 0xff, 0xdb, 0xf0, 0xff, 0xf1, 0x67, 0xff, 0xf9, 0xc8, 0xff, 0xf9, 
  0xa8, 0xff, 0xf9, 0xa8, 0xff, 0xf9, 0xa8, 0xff, 0xf9, 0xc8, 0xff, 0xf9, 0xc8, 0xff, 0xf9, 0xa8, 
  0xff, 0xf9, 0x87, 0xff, 0xf9, 0x87, 0xff, 0xf9, 0xa8, 0xff, 0xf9, 0xc8, 0xff, 0xf9, 0xa8, 0xff, 
  0xf9, 0xa8, 0xff, 0xf9, 0xa8, 0xff, 0xf9, 0xa8, 0xff, 0xf9, 0xa8, 0xff, 0xf9, 0xa8, 0xff, 0xf9, 
  0xa8, 0xff, 0xf9, 0xa8, 0xff, 0xf9, 0xa8, 0xff, 0xf9, 0xc8, 0xff, 0xf9, 0x67, 0xff, 0xf6, 0x38, 
  0xff, 0xf7, 0xff, 0xff, 0xf7, 0xbe, 0xff, 0xf7, 0xbe, 0xff, 0xf7, 0xbe, 0xff, 0xf7, 0xbe, 0xff, 
  0xf7, 0xbe, 0xff, 0xf7, 0xbe, 0xff, 0xf7, 0xbe, 0xff, 0xf7, 0xbe, 0xff, 0xf7, 0xbe, 0xff, 0xf7, 
  0xff, 0xff, 0xfb, 0xf0, 0xff, 0xf9, 0x46, 0xff, 0xf9, 0xc8, 0xff, 0xf9, 0xa8, 0xff, 0xf9, 0xa8, 
  0xff, 0xf9, 0xa8, 0xff, 0xe1, 0x66, 0xff, 0xca, 0x8b, 0xff, 0xd3, 0xcf, 0xff, 0xd3, 0xf0, 0xff, 
  0xd3, 0xaf, 0xff, 0xd2, 0x29, 0xff, 0xe9, 0x46, 0xff, 0xf9, 0xc8, 0xff, 0xf9, 0xa8, 0xff, 0xf9, 
  0xa8, 0xff, 0xf9, 0xa8, 0xff, 0xf9, 0xa8, 0xff, 0xf9, 0xa8, 0xff, 0xf9, 0xa8, 0xff, 0xf9, 0xa8, 
  0xff, 0xf9, 0xc8, 0xff, 0xf9, 0xc8, 0xff, 0xf9, 0xa8, 0xff, 0xf9, 0xa8, 0xff, 0xf9, 0xa8, 0xff, 
  0xf9, 0xa8, 0xff, 0xf9, 0xa8, 0xff, 0xf9, 0xa8, 0xff, 0xf9, 0xa8, 0xff, 0xf9, 0xa8, 0xff, 0xf9, 
  0xa8, 0xff, 0xf9, 0xa8, 0xff, 0xf9, 0xc8, 0xff, 0xf9, 0x46, 0xff, 0xfb, 0xf0, 0xff, 0xf7, 0xff, 
  0xff, 0xf7, 0xbe, 0xff, 0xf7, 0xbe, 0xff, 0xf7, 0xbe, 0xff, 0xf7, 0xbe, 0xff, 0xf7, 0xbe, 0xff, 
  0xf7, 0xbe, 0xff, 0xf7, 0xbe, 0xff, 0xf7, 0xbe, 0xff, 0xf7, 0xbe, 0xff, 0xf7, 0xbe, 0xff, 0xf7, 
  0xdf, 0xff, 0xf7, 0x7d, 0xff, 0xfa, 0x6a, 0xff, 0xf9, 0x87, 0xff, 0xf9, 0xc8, 0xff, 0xf9, 0xa8, 
  0xff, 0xf9, 0xa8, 0xff, 0xf9, 0xc8, 0xff, 0xf9, 0x67, 0xff, 0xe9, 0x46, 0xff, 0xe9, 0x26, 0xff, 
  0xf1, 0x46, 0xff, 0xf9, 0x87, 0xff, 0xf9, 0xc8, 0xff, 0xf9, 0xa8, 0xff, 0xf9, 0xa8, 0xff, 0xf9, 
  0xa8, 0xff, 0xf9, 0xa8, 0xff, 0xf9, 0xa8, 0xff, 0xf9, 0xa8, 0xff, 0xf9, 0xa8, 0xff, 0xf9, 0xa8, 
  0xff, 0xf9, 0xa8, 0xff, 0xf9, 0xa8, 0xff, 0xf9, 0xa8, 0xff, 0xf9, 0xa8, 0xff, 0xf9, 0xa8, 0xff, 
  0xf9, 0xa8, 0xff, 0xf9, 0xa8, 0xff, 0xf9, 0xa8, 0xff, 0xf9, 0xa8, 0xff, 0xf9, 0xa8, 0xff, 0xf9, 
  0xa8, 0xff, 0xf9, 0xc8, 0xff, 0xf9, 0x87, 0xff, 0xfa, 0x6a, 0xff, 0xf7, 0x7d, 0xff, 0xf7, 0xdf, 
  0xff, 0xf7, 0xbe, 0xff, 0xf7, 0xbe, 0xff, 0xf7, 0xbe, 0xff, 0xf7, 0xbe, 0xff, 0xf7, 0xbe, 0xff, 
  0xf7, 0xbe, 0xff, 0xf7, 0xbe, 0xff, 0xf7, 0xbe, 0xff, 0xf7, 0xbe, 0xff, 0xf7, 0xbe, 0xff, 0xf7, 
  0xbe, 0xff, 0xf7, 0xff, 0xff, 0xf6, 0x9a, 0xff, 0xf9, 0xa8, 0xff, 0xf9, 0xa7, 0xff, 0xf9, 0xc8, 
  0xff, 0xf9, 0xa8, 0xff, 0xf9, 0xa8, 0xff, 0xf9, 0xc8, 0xff, 0xf9, 0xc8, 0xff, 0xf9, 0xc8, 0xff, 
  0xf9, 0xc8, 0xff, 0xf9, 0xc8, 0xff, 0xf9, 0xa8, 0xff, 0xf9, 0xa8, 0xff, 0xf9, 0xa8, 0xff, 0xf9, 
  0xa8, 0xff, 0xf9, 0xa8, 0xff, 0xf9, 0xa8, 0xff, 0xf9, 0xa8, 0xff, 0xf9, 0xa8, 0xff, 0xf9, 0xa8, 
  0xff, 0xf9, 0xa8, 0xff, 0xf9, 0xa8, 0xff, 0xf9, 0xa8, 0xff, 0xf9, 0xa8, 0xff, 0xf9, 0xa8, 0xff, 
  0xf9, 0xa8, 0xff, 0xf9, 0xa8, 0xff, 0xf9, 0xa8, 0xff, 0xf9, 0xa8, 0xff, 0xf9, 0xa8, 0xff, 0xf9, 
  0xc8, 0xff, 0xf9, 0xa7, 0xff, 0xf9, 0xa8, 0xff, 0xf6, 0x9a, 0xff, 0xf7, 0xff, 0xff, 0xf7, 0x9e, 
  0xff, 0xf7, 0xbe, 0xff, 0xf7, 0xbe, 0xff, 0xf7, 0xbe, 0xff, 0xf7, 0xbe, 0xff, 0xf7, 0xbe, 0xff, 
  0xf7, 0xbe, 0xff, 0xf7, 0xbe, 0xff, 0xf7, 0xbe, 0xff, 0xf7, 0xbe, 0xff, 0xf7, 0xbe, 0xff, 0xf7, 
  0xbe, 0xff, 0xf7, 0x9e, 0xff, 0xf7, 0xff, 0xff, 0xf5, 0xf8, 0xff, 0xf9, 0x87, 0xff, 0xf9, 0xa7, 
  0xff, 0xf9, 0xc8, 0xff, 0xf9, 0xa8, 0xff, 0xf9, 0xa8, 0xff, 0xf9, 0xa8, 0xff, 0xf9, 0xa8, 0xff, 
  0xf9, 0xa8, 0xff, 0xf9, 0xa8, 0xff, 0xf9, 0xa8, 0xff, 0xf9, 0xa8, 0xff, 0xf9, 0xa8, 0xff, 0xf9, 
  0xa8, 0xff, 0xf9, 0xa8, 0xff, 0xf9, 0xa8, 0xff, 0xf9, 0xa8, 0xff, 0xf9, 0xa8, 0xff, 0xf9, 0xa8, 
  0xff, 0xf9, 0xa8, 0xff, 0xf9, 0xa8, 0xff, 0xf9, 0xa8, 0xff, 0xf9, 0xa8, 0xff, 0xf9, 0xa8, 0xff, 
  0xf9, 0xa8, 0xff, 0xf9, 0xa8, 0xff, 0xf9, 0xa8, 0xff, 0xf9, 0xa8, 0xff, 0xf9, 0xc8, 0xff, 0xf9, 
  0xa7, 0xff, 0xf9, 0x87, 0xff, 0xf5, 0xf8, 0xff, 0xf7, 0xff, 0xff, 0xf7, 0x9e, 0xff, 0xf7, 0xbe, 
  0xff, 0xf7, 0xbe, 0xff, 0xf7, 0xbe, 0xff, 0xf7, 0xbe, 0xff, 0xf7, 0xbe, 0xff, 0xf7, 0xbe, 0xff, 
  0xf7, 0xbe, 0xff, 0xf7, 0xbe, 0xff, 0xf7, 0xbe, 0xff, 0xf7, 0xbe, 0xff, 0xf7, 0xbe, 0xff, 0xf7, 
  0xbe, 0xff, 0xf7, 0xbe, 0xff, 0xf7, 0x9e, 0xff, 0xf7, 0xff, 0xff, 0xf5, 0xf8, 0xff, 0xf9, 0xa8, 
  0xff, 0xf9, 0x87, 0xff, 0xf9, 0xc8, 0xff, 0xf9, 0xa8, 0xff, 0xf9, 0xa8, 0xff, 0xf9, 0xa8, 0xff, 
  0xf9, 0xa8, 0xff, 0xf9, 0xa8, 0xff, 0xf9, 0xa8, 0xff, 0xf9, 0xa8, 0xff, 0xf9, 0xa8, 0xff, 0xf9, 
  0xa8, 0xff, 0xf9, 0xa8, 0xff, 0xf9, 0xa8, 0xff, 0xf9, 0xa8, 0xff, 0xf9, 0xa8, 0xff, 0xf9, 0xa8, 
  0xff, 0xf9, 0xa8, 0xff, 0xf9, 0xa8, 0xff, 0xf9, 0xa8, 0xff, 0xf9, 0xa8, 0xff, 0xf9, 0xa8, 0xff, 
  0xf9, 0xa8, 0xff, 0xf9, 0xa8, 0xff, 0xf9, 0xa8, 0xff, 0xf9, 0xc8, 0xff, 0xf9, 0x87, 0xff, 0xf9, 
  0xa8, 0xff, 0xf5, 0xf8, 0xff, 0xf7, 0xff, 0xff, 0xf7, 0x9e, 0xff, 0xf7, 0xbe, 0xff, 0xf7, 0xbe, 
  0xff, 0xf7, 0xbe, 0xff, 0xf7, 0xbe, 0xff, 0xf7, 0xbe, 0xff, 0xf7, 0xbe, 0xff, 0xf7, 0xbe, 0xff, 
  0xf7, 0xbe, 0xff, 0xf7, 0xbe, 0xff, 0xf7, 0xbe, 0xff, 0xf7, 0xbe, 0xff, 0xf7, 0xbe, 0xff, 0xf7, 
  0xbe, 0xff, 0xf7, 0xbe, 0xff, 0xf7, 0xbe, 0xff, 0xf7, 0x9e, 0xff, 0xf7, 0xff, 0xff, 0xf6, 0x9a, 
  0xff, 0xfa, 0x6a, 0xff, 0xf9, 0x46, 0xff, 0xf9, 0xc8, 0xff, 0xf9, 0xc8, 0xff, 0xf9, 0xa8, 0xff, 
  0xf9, 0xa8, 0xff, 0xf9, 0xa8, 0xff, 0xf9, 0xa8, 0xff, 0xf9, 0xa8, 0xff, 0xf9, 0xa8, 0xff, 0xf9, 
  0xa8, 0xff, 0xf9, 0xa8, 0xff, 0xf9, 0xa8, 0xff, 0xf9, 0xa8, 0xff, 0xf9, 0xa8, 0xff, 0xf9, 0xa8, 
  0xff, 0xf9, 0xa8, 0xff, 0xf9, 0xa8, 0xff, 0xf9, 0xa8, 0xff, 0xf9, 0xa8, 0xff, 0xf9, 0xa8, 0xff, 
  0xf9, 0xa8, 0xff, 0xf9, 0xc8, 0xff, 0xf9, 0xc8, 0xff, 0xf9, 0x46, 0xff, 0xfa, 0x6a, 0xff, 0xf6, 
  0x9a, 0xff, 0xf7, 0xff, 0xff, 0xf7, 0x9e, 0xff, 0xf7, 0xbe, 0xff, 0xf7, 0xbe, 0xff, 0xf7, 0xbe, 
  0xff, 0xf7, 0xbe, 0xff, 0xf7, 0xbe, 0xff, 0xf7, 0xbe, 0xff, 0xf7, 0xbe, 0xff, 0xf7, 0xbe, 0xff, 
  0xf7, 0xbe, 0xff, 0xf7, 0xbe, 0xff, 0xf7, 0xbe, 0xff, 0xf7, 0xbe, 0xff, 0xf7, 0xbe, 0xff, 0xf7, 
  0xbe, 0xff, 0xf7, 0xbe, 0xff, 0xf7, 0xbe, 0xff, 0xf7, 0xbe, 0xff, 0xf7, 0x9e, 0xff, 0xf7, 0xff, 
  0xff, 0xf7, 0x7d, 0xff, 0xfb, 0xf0, 0xff, 0xf9, 0x67, 0xff, 0xf9, 0x67, 0xff, 0xf9, 0xc8, 0xff, 
  0xf9, 0xc8, 0xff, 0xf9, 0xc8, 0xff, 0xf9, 0xa8, 0xff, 0xf9, 0xa8, 0xff, 0xf9, 0xa8, 0xff, 0xf9, 
  0xa8, 0xff, 0xf9, 0xa8, 0xff, 0xf9, 0xa8, 0xff, 0xf9, 0xa8, 0xff, 0xf9, 0xa8, 0xff, 0xf9, 0xa8, 
  0xff, 0xf9, 0xa8, 0xff, 0xf9, 0xc8, 0xff, 0xf9, 0xc8, 0xff, 0xf9, 0xc8, 0xff, 0xf9, 0xc8, 0xff, 
  0xf9, 0xc8, 0xff, 0xf9, 0x67, 0xff, 0xf9, 0x67, 0xff, 0xfb, 0xf0, 0xff, 0xf7, 0x7d, 0xff, 0xf7, 
  0xff, 0xff, 0xf7, 0x9e, 0xff, 0xf7, 0xbe, 0xff, 0xf7, 0xbe, 0xff, 0xf7, 0xbe, 0xff, 0xf7, 0xbe, 
  0xff, 0xf7, 0xbe, 0xff, 0xf7, 0xbe, 0xff, 0xf7, 0xbe, 0xff, 0xf7, 0xbe, 0xff, 0xf7, 0xbe, 0xff, 
  0xf7, 0xbe, 0xff, 0xf7, 0xbe, 0xff, 0xf7, 0xbe, 0xff, 0xf7, 0xbe, 0xff, 0xf7, 0xbe, 0xff, 0xf7, 
  0xbe, 0xff, 0xf7, 0xbe, 0xff, 0xf7, 0xbe, 0xff, 0xf7, 0xbe, 0xff, 0xf7, 0xbe, 0xff, 0xf7, 0x9e, 
  0xff, 0xf7, 0xdf, 0xff, 0xf7, 0xff, 0xff, 0xf6, 0x38, 0xff, 0xfb, 0x0d, 0xff, 0xf9, 0x67, 0xff, 
  0xf9, 0x46, 0xff, 0xf9, 0xa7, 0xff, 0xf9, 0xc8, 0xff, 0xf9, 0xc8, 0xff, 0xf9, 0xc8, 0xff, 0xf9, 
  0xc8, 0xff, 0xf9, 0xc8, 0xff, 0xf9, 0xc8, 0xff, 0xf9, 0xc8, 0xff, 0xf9, 0xc8, 0xff, 0xf1, 0xe8, 
  0xff, 0xf9, 0xe8, 0xff, 0xf2, 0x09, 0xff, 0xf2, 0x09, 0xff, 0xf9, 0xc8, 0xff, 0xf9, 0x46, 0xff, 
  0xf9, 0x67, 0xff, 0xfb, 0x0d, 0xff, 0xf6, 0x18, 0xff, 0xf7, 0xff, 0xff, 0xf7, 0xdf, 0xff, 0xf7, 
  0x9e, 0xff, 0xf7, 0xbe, 0xff, 0xf7, 0xbe, 0xff, 0xf7, 0xbe, 0xff, 0xf7, 0xbe, 0xff, 0xf7, 0xbe, 
  0xff, 0xf7, 0xbe, 0xff, 0xf7, 0xbe, 0xff, 0xf7, 0xbe, 0xff, 0xf7, 0xbe, 0xff, 0xf7, 0xbe, 0xff, 
  0xf7, 0xbe, 0xff, 0xf7, 0xbe, 0xff, 0xf7, 0xbe, 0xff, 0xf7, 0xbe, 0xff, 0xf7, 0xbe, 0xff, 0xf7, 
  0xbe, 0xff, 0xf7, 0xbe, 0xff, 0xf7, 0xbe, 0xff, 0xf7, 0xbe, 0xff, 0xf7, 0xbe, 0xff, 0xf7, 0xbe, 
  0xff, 0xf7, 0xbe, 0xff, 0xf7, 0xbe, 0xff, 0xf7, 0xff, 0xff, 0xf7, 0xdf, 0xff, 0xf6, 0x18, 0xff, 
  0xfb, 0xaf, 0xff, 0xfa, 0x09, 0xff, 0xf9, 0x66, 0xff, 0xf9, 0x46, 0xff, 0xf9, 0x67, 0xff, 0xf9, 
  0x87, 0xff, 0xf9, 0xc8, 0xff, 0xf9, 0xa7, 0xff, 0xf9, 0xc8, 0xff, 0xf9, 0xa8, 0xff, 0xf1, 0xa8, 
  0xff, 0xf9, 0x87, 0xff, 0xf9, 0x66, 0xff, 0xf9, 0x67, 0xff, 0xfa, 0x09, 0xff, 0xfb, 0xaf, 0xff, 
  0xf6, 0x18, 0xff, 0xf7, 0xdf, 0xff, 0xf7, 0xff, 0xff, 0xf7, 0xbe, 0xff, 0xf7, 0xbe, 0xff, 0xf7, 
  0xbe, 0xff, 0xf7, 0xbe, 0xff, 0xf7, 0xbe, 0xff, 0xf7, 0xbe, 0xff, 0xf7, 0xbe, 0xff, 0xf7, 0xbe, 
  0xff, 0xf7, 0xbe, 0xff, 0xf7, 0xbe, 0xff, 0xf7, 0xbe, 0xff, 0xf7, 0xbe, 0xff, 0xf7, 0xbe, 0xff, 
  0xf7, 0xbe, 0xff, 0xf7, 0xbe, 0xff, 0xf7, 0xbe, 0xff, 0xf7, 0xbe, 0xff, 0xf7, 0xbe, 0xff, 0xf7, 
  0xbe, 0xff, 0xf7, 0xbe, 0xff, 0xf7, 0xbe, 0xff, 0xf7, 0xbe, 0xff, 0xf7, 0xbe, 0xff, 0xf7, 0xbe, 
  0xff, 0xf7, 0xbe, 0xff, 0xf7, 0xbe, 0xff, 0xf7, 0xbe, 0xff, 0xf7, 0xbe, 0xff, 0xf7, 0xff, 0xff, 
  0xf7, 0xff, 0xff, 0xf7, 0x1c, 0xff, 0xf5, 0xb6, 0xff, 0xf4, 0x52, 0xff, 0xf3, 0x4d, 0xff, 0xf2, 
  0xab, 0xff, 0xf2, 0x2a, 0xff, 0xf9, 0xe8, 0xff, 0xfa, 0x09, 0xff, 0xfa, 0x29, 0xff, 0xfa, 0x8b, 
  0xff, 0xfb, 0x2d, 0xff, 0xfc, 0x51, 0xff, 0xf5, 0xb7, 0xff, 0xf7, 0x3c, 0xff, 0xf7, 0xff, 0xff, 
  0xf7, 0xff, 0xff, 0xf7, 0xbe, 0xff, 0xf7, 0xbe, 0xff, 0xf7, 0xbe, 0xff, 0xf7, 0xbe, 0xff, 0xf7, 
  0xbe, 0xff, 0xf7, 0xbe, 0xff, 0xf7, 0xbe, 0xff, 0xf7, 0xbe, 0xff, 0xf7, 0xbe, 0xff, 0xf7, 0xbe, 
  0xff, 0xf7, 0xbe, 0xff, 0xf7, 0xbe, 0xff, 0xf7, 0xbe, 0xff, 0xf7, 0xbe, 0xff, 0xf7, 0xbe, 0xff, 
  0xf7, 0xbe, 0xff, 0xf7, 0xbe, 0xff, 0xf7, 0xbe, 0xff, 0xf7, 0xbe, 0xff, 0xf7, 0xbe, 0xff, 0xf7, 
  0xbe, 0xff, 0xf7, 0xbe, 0xff, 0xf7, 0xbe, 0xff, 0xf7, 0xbe, 0xff, 0xf7, 0xbe, 0xff, 0xf7, 0xbe, 
  0xff, 0xf7, 0xbe, 0xff, 0xf7, 0xbe, 0xff, 0xf7, 0xbe, 0xff, 0xf7, 0x9e, 0xff, 0xf7, 0x9e, 0xff, 
  0xf7, 0x9e, 0xff, 0xf7, 0xbe, 0xff, 0xf7, 0xff, 0xff, 0xf7, 0xff, 0xff, 0xf7, 0xdf, 0xff, 0xf7, 
  0x9e, 0xff, 0xf7, 0x3d, 0xff, 0xf7, 0x1c, 0xff, 0xf7, 0x1c, 0xff, 0xf7, 0x3d, 0xff, 0xf7, 0x9e, 
  0xff, 0xf7, 0xff, 0xff, 0xf7, 0xff, 0xff, 0xf7, 0xff, 0xff, 0xf7, 0xdf, 0xff, 0xf7, 0xbe, 0xff, 
  0xf7, 0xbe, 0xff, 0xf7, 0xbe, 0xff, 0xf7, 0xbe, 0xff, 0xf7, 0xbe, 0xff, 0xf7, 0xbe, 0xff, 0xf7, 
  0xbe, 0xff, 0xf7, 0xbe, 0xff, 0xf7, 0xbe, 0xff, 0xf7, 0xbe, 0xff, 0xf7, 0xbe, 0xff, 0xf7, 0xbe, 
  0xff, 0xf7, 0xbe, 0xff, 0xf7, 0xbe, 0xff, 0xf7, 0xbe, 0xff, 0xf7, 0xbe, 0xff, 0xf7, 0xbe, 0xff, 
  0xf7, 0xbe, 0xff, 0xf7, 0xbe, 0xff, 0xf7, 0xbe, 0xff, 0xf7, 0xbe, 0xff, 0xf7, 0xbe, 0xff, 0xf7, 
  0xbe, 0xff, 0xf7, 0xbe, 0xff, 0xf7, 0xbe, 0xff, 0xf7, 0xbe, 0xff, 0xf7, 0x9e, 0xff, 0xf7, 0x9e, 
  0xff, 0xef, 0x7d, 0xff, 0xf7, 0x9e, 0xff, 0xf7, 0xbe, 0xff, 0xf7, 0x9e, 0xff, 0xf7, 0x9e, 0xff, 
  0xf7, 0x9e, 0xff, 0xf7, 0x9e, 0xff, 0xf7, 0x9e, 0xff, 0xf7, 0x9e, 0xff, 0xf7, 0xbe, 0xff, 0xf7, 
  0xbe, 0xff, 0xf7, 0xdf, 0xff, 0xf7, 0xdf, 0xff, 0xf7, 0xdf, 0xff, 0xf7, 0xdf, 0xff, 0xf7, 0xbe, 
  0xff, 0xf7, 0xbe, 0xff, 0xf7, 0x9e, 0xff, 0xf7, 0x9e, 0xff, 0xf7, 0xbe, 0xff, 0xf7, 0xbe, 0xff, 
  0xf7, 0xbe, 0xff, 0xf7, 0xbe, 0xff, 0xf7, 0xbe, 0xff, 0xf7, 0xbe, 0xff, 0xf7, 0xbe, 0xff, 0xf7, 
  0xbe, 0xff, 0xf7, 0xbe, 0xff, 0xf7, 0xbe, 0xff, 0xf7, 0xbe, 0xff, 0xf7, 0xbe, 0xff, 0xf7, 0xbe, 
  0xff, 0xf7, 0xbe, 0xff, 0xf7, 0xbe, 0xff, 0xf7, 0x9e, 0xff, 0xf7, 0x9e, 0xff, 0xef, 0x7d, 0xff, 
  0xf7, 0xbe, 0xff, 0xf7, 0xbe, 0xff, 0xf7, 0xbe, 0xff, 0xf7, 0xbe, 0xff, 0xf7, 0xbe, 0xff, 0xf7, 
  0xbe, 0xff, 0xf7, 0x9e, 0xff, 0xf7, 0x9e, 0xff, 0xef, 0x7d, 0xff, 0xf7, 0x9e, 0xff, 0xf7, 0x9e, 
  0xff, 0xef, 0x7d, 0xff, 0xf7, 0x9e, 0xff, 0xf7, 0xbe, 0xff, 0xf7, 0xbe, 0xff, 0xf7, 0xbe, 0xff, 
  0xf7, 0xbe, 0xff, 0xf7, 0xbe, 0xff, 0xf7, 0xbe, 0xff, 0xf7, 0xbe, 0xff, 0xf7, 0xbe, 0xff, 0xf7, 
  0xbe, 0xff, 0xf7, 0xbe, 0xff, 0xf7, 0xbe, 0xff, 0xf7, 0xbe, 0xff, 0xf7, 0xbe, 0xff, 0xf7, 0xbe, 
  0xff, 0xf7, 0xbe, 0xff, 0xf7, 0xbe, 0xff, 0xf7, 0xbe, 0xff, 0xf7, 0xbe, 0xff, 0xf7, 0xbe, 0xff, 
  0xf7, 0xbe, 0xff, 0xf7, 0xbe, 0xff, 0xf7, 0xbe, 0xff, 0xf7, 0xbe, 0xff, 0xf7, 0xbe, 0xff, 0xf7, 
  0xbe, 0xff, 0xf7, 0xbe, 0xff, 0xf7, 0xbe, 0xff, 0xf7, 0xbe, 0xff, 0xf7, 0xbe, 0xff, 0xf7, 0x9e, 
  0xff, 0xf7, 0x9e, 0xff, 0xef, 0x7d, 0xff, 0xef, 0x7d, 0xff, 0xf7, 0x9e, 0xff, 0xf7, 0x9e, 0xff, 
#endif

#if LV_COLOR_DEPTH == 32
  /*Pixel format: Fix 0xFF: 8 bit, Red: 8 bit, Green: 8 bit, Blue: 8 bit*/
  0xf6, 0xf6, 0xf6, 0xff, 0xf6, 0xf6, 0xf6, 0xff, 0xf6, 0xf6, 0xf6, 0xff, 0xf6, 0xf6, 0xf6, 0xff, 
  0xf6, 0xf6, 0xf6, 0xff, 0xf6, 0xf6, 0xf6, 0xff, 0xf6, 0xf6, 0xf6, 0xff, 0xf6, 0xf6, 0xf6, 0xff, 
  0xf6, 0xf6, 0xf6, 0xff, 0xf6, 0xf6, 0xf6, 0xff, 0xf6, 0xf6, 0xf6, 0xff, 0xf6, 0xf6, 0xf6, 0xff, 
  0xf6, 0xf6, 0xf6, 0xff, 0xf6, 0xf6, 0xf6, 0xff, 0xf6, 0xf6, 0xf6, 0xff, 0xf6, 0xf6, 0xf6, 0xff, 
  0xf6, 0xf6, 0xf6, 0xff, 0xf6, 0xf6, 0xf6, 0xff, 0xf6, 0xf6, 0xf6, 0xff, 0xf6, 0xf6, 0xf6, 0xff, 
  0xf6, 0xf6, 0xf6, 0xff, 0xf6, 0xf6, 0xf6, 0xff, 0xf6, 0xf5, 0xf5, 0xff, 0xf6, 0xf5, 0xf5, 0xff, 
  0xf6, 0xf5, 0xf5, 0xff, 0xf6, 0xf5, 0xf5, 0xff, 0xf6, 0xf6, 0xf6, 0xff, 0xf6, 0xf6, 0xf6, 0xff, 
  0xf6, 0xf6, 0xf6, 0xff, 0xf6, 0xf6, 0xf6, 0xff, 0xf6, 0xf6, 0xf6, 0xff, 0xf6, 0xf6, 0xf6, 0xff, 
  0xf6, 0xf6, 0xf6, 0xff, 0xf6, 0xf6, 0xf6, 0xff, 0xf6, 0xf6, 0xf6, 0xff, 0xf6, 0xf6, 0xf6, 0xff, 
  0xf6, 0xf6, 0xf6, 0xff, 0xf6, 0xf6, 0xf6, 0xff, 0xf6, 0xf6, 0xf6, 0xff, 0xf6, 0xf6, 0xf6, 0xff, 
  0xf6, 0xf6, 0xf6, 0xff, 0xf6, 0xf6, 0xf6, 0xff, 0xf6, 0xf6, 0xf6, 0xff, 0xf6, 0xf6, 0xf6, 0xff, 
  0xf6, 0xf6, 0xf6, 0xff, 0xf6, 0xf6, 0xf6, 0xff, 0xf6, 0xf6, 0xf6, 0xff, 0xf6, 0xf6, 0xf6, 0xff, 
  0xf6, 0xf6, 0xf6, 0xff, 0xf6, 0xf6, 0xf6, 0xff, 0xf6, 0xf6, 0xf6, 0xff, 0xf6, 0xf6, 0xf6, 0xff, 
  0xf6, 0xf6, 0xf6, 0xff, 0xf6, 0xf6, 0xf6, 0xff, 0xf6, 0xf6, 0xf6, 0xff, 0xf6, 0xf6, 0xf6, 0xff, 
  0xf6, 0xf6, 0xf6, 0xff, 0xf6, 0xf6, 0xf6, 0xff, 0xf6, 0xf6, 0xf6, 0xff, 0xf6, 0xf6, 0xf6, 0xff, 
  0xf6, 0xf6, 0xf6, 0xff, 0xf6, 0xf6, 0xf6, 0xff, 0xf6, 0xf6, 0xf6, 0xff, 0xf6, 0xf6, 0xf6, 0xff, 
  0xf6, 0xf6, 0xf6, 0xff, 0xf6, 0xf5, 0xf5, 0xff, 0xf6, 0xf4, 0xf4, 0xff, 0xf6, 0xf3, 0xf3, 0xff, 
  0xf6, 0xf4, 0xf4, 0xff, 0xf6, 0xf7, 0xf7, 0xff, 0xf6, 0xf9, 0xf9, 0xff, 0xf6, 0xfa, 0xfa, 0xff, 
  0xf6, 0xfa, 0xfa, 0xff, 0xf6, 0xf9, 0xf9, 0xff, 0xf6, 0xf7, 0xf7, 0xff, 0xf6, 0xf4, 0xf4, 0xff, 
  0xf6, 0xf3, 0xf3, 0xff, 0xf6, 0xf3, 0xf4, 0xff, 0xf6, 0xf5, 0xf5, 0xff, 0xf6, 0xf6, 0xf6, 0xff, 
  0xf6, 0xf6, 0xf6, 0xff, 0xf6, 0xf6, 0xf6, 0xff, 0xf6, 0xf6, 0xf6, 0xff, 0xf6, 0xf6, 0xf6, 0xff, 
  0xf6, 0xf6, 0xf6, 0xff, 0xf6, 0xf6, 0xf6, 0xff, 0xf6, 0xf6, 0xf6, 0xff, 0xf6, 0xf6, 0xf6, 0xff, 
  0xf6, 0xf6, 0xf6, 0xff, 0xf6, 0xf6, 0xf6, 0xff, 0xf6, 0xf6, 0xf6, 0xff, 0xf6, 0xf6, 0xf6, 0xff, 
  0xf6, 0xf6, 0xf6, 0xff, 0xf6, 0xf6, 0xf6, 0xff, 0xf6, 0xf6, 0xf6, 0xff, 0xf6, 0xf6, 0xf6, 0xff, 
  0xf6, 0xf6, 0xf6, 0xff, 0xf6, 0xf6, 0xf6, 0xff, 0xf6, 0xf6, 0xf6, 0xff, 0xf6, 0xf6, 0xf6, 0xff, 
  0xf6, 0xf6, 0xf6, 0xff, 0xf6, 0xf6, 0xf6, 0xff, 0xf6, 0xf6, 0xf6, 0xff, 0xf6, 0xf6, 0xf6, 0xff, 
  0xf6, 0xf6, 0xf6, 0xff, 0xf6, 0xf6, 0xf6, 0xff, 0xf6, 0xf6, 0xf6, 0xff, 0xf6, 0xf6, 0xf6, 0xff, 
  0xf6, 0xf6, 0xf6, 0xff, 0xf6, 0xf6, 0xf6, 0xff, 0xf6, 0xf6, 0xf6, 0xff, 0xf6, 0xf4, 0xf4, 0xff, 
  0xf6, 0xf3, 0xf4, 0xff, 0xf6, 0xfa, 0xf9, 0xff, 0xf6, 0xff, 0xff, 0xff, 0xf6, 0xff, 0xff, 0xff, 
  0xf6, 0xfe, 0xfe, 0xff, 0xf6, 0xf4, 0xf4, 0xff, 0xf6, 0xea, 0xeb, 0xff, 0xf6, 0xe6, 0xe7, 0xff, 
  0xf6, 0xe7, 0xe7, 0xff, 0xf6, 0xea, 0xeb, 0xff, 0xf6, 0xf4, 0xf4, 0xff, 0xf6, 0xfe, 0xfe, 0xff, 
  0xf6, 0xff, 0xff, 0xff, 0xf6, 0xff, 0xff, 0xff, 0xf6, 0xfa, 0xf9, 0xff, 0xf6, 0xf3, 0xf4, 0xff, 
  0xf6, 0xf4, 0xf4, 0xff, 0xf6, 0xf6, 0xf6, 0xff, 0xf6, 0xf6, 0xf6, 0xff, 0xf6, 0xf6, 0xf6, 0xff, 
  0xf6, 0xf6, 0xf6, 0xff, 0xf6, 0xf6, 0xf6, 0xff, 0xf6, 0xf6, 0xf6, 0xff, 0xf6, 0xf6, 0xf6, 0xff, 
  0xf6, 0xf6, 0xf6, 0xff, 0xf6, 0xf6, 0xf6, 0xff, 0xf6, 0xf6, 0xf6, 0xff, 0xf6, 0xf6, 0xf6, 0xff, 
  0xf6, 0xf6, 0xf6, 0xff, 0xf6, 0xf6, 0xf6, 0xff, 0xf6, 0xf6, 0xf6, 0xff, 0xf6, 0xf6, 0xf6, 0xff, 
  0xf6, 0xf6, 0xf6, 0xff, 0xf6, 0xf6, 0xf6, 0xff, 0xf6, 0xf6, 0xf6, 0xff, 0xf6, 0xf6, 0xf6, 0xff, 
  0xf6, 0xf6, 0xf6, 0xff, 0xf6, 0xf6, 0xf6, 0xff, 0xf6, 0xf6, 0xf6, 0xff, 0xf6, 0xf6, 0xf6, 0xff, 
  0xf6, 0xf6, 0xf6, 0xff, 0xf6, 0xf6, 0xf6, 0xff, 0xf6, 0xf6, 0xf6, 0xff, 0xf6, 0xf6, 0xf6, 0xff, 
  0xf6, 0xf6, 0xf6, 0xff, 0xf6, 0xf4, 0xf4, 0xff, 0xf6, 0xf5, 0xf5, 0xff, 0xf6, 0xff, 0xff, 0xff, 
  0xf5, 0xff, 0xff, 0xff, 0xf6, 0xe8, 0xe9, 0xff, 0xf7, 0xbb, 0xbe, 0xff, 0xf8, 0x8d, 0x92, 0xff, 
  0xfa, 0x6a, 0x71, 0xff, 0xfa, 0x53, 0x5c, 0xff, 0xfa, 0x46, 0x4f, 0xff, 0xfb, 0x42, 0x4b, 0xff, 
  0xfb, 0x42, 0x4b, 0xff, 0xfa, 0x46, 0x4f, 0xff, 0xfa, 0x53, 0x5c, 0xff, 0xfa, 0x69, 0x71, 0xff, 
  0xf8, 0x8c, 0x92, 0xff, 0xf7, 0xba, 0xbd, 0xff, 0xf6, 0xe8, 0xe8, 0xff, 0xf6, 0xff, 0xff, 0xff, 
  0xf6, 0xff, 0xff, 0xff, 0xf6, 0xf5, 0xf5, 0xff, 0xf6, 0xf4, 0xf4, 0xff, 0xf6, 0xf6, 0xf6, 0xff, 
  0xf6, 0xf6, 0xf6, 0xff, 0xf6, 0xf6, 0xf6, 0xff, 0xf6, 0xf6, 0xf6, 0xff, 0xf6, 0xf6, 0xf6, 0xff, 
  0xf6, 0xf6, 0xf6, 0xff, 0xf6, 0xf6, 0xf6, 0xff, 0xf6, 0xf6, 0xf6, 0xff, 0xf6, 0xf6, 0xf6, 0xff, 
  0xf6, 0xf6, 0xf6, 0xff, 0xf6, 0xf6, 0xf6, 0xff, 0xf6, 0xf6, 0xf6, 0xff, 0xf6, 0xf6, 0xf6, 0xff, 
  0xf6, 0xf6, 0xf6, 0xff, 0xf6, 0xf6, 0xf6, 0xff, 0xf6, 0xf6, 0xf6, 0xff, 0xf6, 0xf6, 0xf6, 0xff, 
  0xf6, 0xf6, 0xf6, 0xff, 0xf6, 0xf6, 0xf6, 0xff, 0xf6, 0xf6, 0xf6, 0xff, 0xf6, 0xf6, 0xf6, 0xff, 
  0xf6, 0xf6, 0xf6, 0xff, 0xf6, 0xf6, 0xf6, 0xff, 0xf6, 0xf6, 0xf6, 0xff, 0xf6, 0xf5, 0xf5, 0xff, 
  0xf6, 0xf3, 0xf3, 0xff, 0xf6, 0xff, 0xff, 0xff, 0xf6, 0xfc, 0xfc, 0xff, 0xf6, 0xc6, 0xc9, 0xff, 
  0xf8, 0x7a, 0x80, 0xff, 0xfa, 0x43, 0x4c, 0xff, 0xfb, 0x2d, 0x37, 0xff, 0xfb, 0x29, 0x34, 0xff, 
  0xfb, 0x2d, 0x37, 0xff, 0xfb, 0x31, 0x3b, 0xff, 0xfb, 0x33, 0x3d, 0xff, 0xfb, 0x34, 0x3e, 0xff, 
  0xfb, 0x34, 0x3e, 0xff, 0xfb, 0x33, 0x3d, 0xff, 0xfb, 0x31, 0x3b, 0xff, 0xfb, 0x2d, 0x37, 0xff, 
  0xfb, 0x29, 0x34, 0xff, 0xfb, 0x2d, 0x37, 0xff, 0xfa, 0x43, 0x4c, 0xff, 0xf8, 0x79, 0x80, 0xff, 
  0xf6, 0xc5, 0xc8, 0xff, 0xf6, 0xfc, 0xfc, 0xff, 0xf6, 0xff, 0xff, 0xff, 0xf6, 0xf3, 0xf4, 0xff, 
  0xf6, 0xf5, 0xf5, 0xff, 0xf6, 0xf6, 0xf6, 0xff, 0xf6, 0xf6, 0xf6, 0xff, 0xf6, 0xf6, 0xf6, 0xff, 
  0xf6, 0xf6, 0xf6, 0xff, 0xf6, 0xf6, 0xf6, 0xff, 0xf6, 0xf6, 0xf6, 0xff, 0xf6, 0xf6, 0xf6, 0xff, 
  0xf6, 0xf6, 0xf6, 0xff, 0xf6, 0xf6, 0xf6, 0xff, 0xf6, 0xf6, 0xf6, 0xff, 0xf6, 0xf6, 0xf6, 0xff, 
  0xf6, 0xf6, 0xf6, 0xff, 0xf6, 0xf6, 0xf6, 0xff, 0xf6, 0xf6, 0xf6, 0xff, 0xf6, 0xf6, 0xf6, 0xff, 
  0xf6, 0xf6, 0xf6, 0xff, 0xf6, 0xf6, 0xf6, 0xff, 0xf6, 0xf6, 0xf6, 0xff, 0xf6, 0xf6, 0xf6, 0xff, 
  0xf6, 0xf6, 0xf6, 0xff, 0xf6, 0xf6, 0xf6, 0xff, 0xf6, 0xf4, 0xf4, 0xff, 0xf6, 0xf8, 0xf8, 0xff, 
  0xf6, 0xff, 0xff, 0xff, 0xf6, 0xc8, 0xcb, 0xff, 0xf9, 0x66, 0x6d, 0xff, 0xfa, 0x2f, 0x39, 0xff, 
  0xfb, 0x2b, 0x35, 0xff, 0xfb, 0x34, 0x3e, 0xff, 0xfb, 0x39, 0x43, 0xff, 0xfb, 0x3a, 0x44, 0xff, 
  0xfb, 0x39, 0x43, 0xff, 0xfb, 0x38, 0x42, 0xff, 0xfb, 0x38, 0x42, 0xff, 0xfb, 0x38, 0x42, 0xff, 
  0xfb, 0x38, 0x42, 0xff, 0xfb, 0x38, 0x42, 0xff, 0xfb, 0x38, 0x42, 0xff, 0xfb, 0x39, 0x43, 0xff, 
  0xfb, 0x3a, 0x44, 0xff, 0xfb, 0x39, 0x43, 0xff, 0xfb, 0x34, 0x3e, 0xff, 0xfb, 0x2b, 0x36, 0xff, 
  0xfa, 0x2f, 0x3a, 0xff, 0xf8, 0x65, 0x6c, 0xff, 0xf7, 0xc8, 0xca, 0xff, 0xf6, 0xff, 0xff, 0xff, 
  0xf6, 0xf8, 0xf8, 0xff, 0xf6, 0xf4, 0xf4, 0xff, 0xf6, 0xf6, 0xf6, 0xff, 0xf6, 0xf6, 0xf6, 0xff, 
  0xf6, 0xf6, 0xf6, 0xff, 0xf6, 0xf6, 0xf6, 0xff, 0xf6, 0xf6, 0xf6, 0xff, 0xf6, 0xf6, 0xf6, 0xff, 
  0xf6, 0xf6, 0xf6, 0xff, 0xf6, 0xf6, 0xf6, 0xff, 0xf6, 0xf6, 0xf6, 0xff, 0xf6, 0xf6, 0xf6, 0xff, 
  0xf6, 0xf6, 0xf6, 0xff, 0xf6, 0xf6, 0xf6, 0xff, 0xf6, 0xf6, 0xf6, 0xff, 0xf6, 0xf6, 0xf6, 0xff, 
  0xf6, 0xf6, 0xf6, 0xff, 0xf6, 0xf6, 0xf6, 0xff, 0xf6, 0xf6, 0xf6, 0xff, 0xf6, 0xf6, 0xf6, 0xff, 
  0xf6, 0xf6, 0xf6, 0xff, 0xf6, 0xf3, 0xf3, 0xff, 0xf6, 0xfe, 0xfe, 0xff, 0xf6, 0xf0, 0xf0, 0xff, 
  0xf8, 0x81, 0x88, 0xff, 0xfb, 0x30, 0x3a, 0xff, 0xfb, 0x2d, 0x37, 0xff, 0xfb, 0x39, 0x43, 0xff, 
  0xfb, 0x3a, 0x44, 0xff, 0xfb, 0x38, 0x42, 0xff, 0xfb, 0x37, 0x41, 0xff, 0xfb, 0x37, 0x41, 0xff, 
  0xfb, 0x37, 0x41, 0xff, 0xfb, 0x37, 0x41, 0xff, 0xfb, 0x37, 0x41, 0xff, 0xfb, 0x37, 0x41, 0xff, 
  0xfb, 0x37, 0x41, 0xff, 0xfb, 0x37, 0x41, 0xff, 0xfb, 0x37, 0x41, 0xff, 0xfb, 0x37, 0x41, 0xff, 
  0xfb, 0x37, 0x41, 0xff, 0xfb, 0x37, 0x41, 0xff, 0xfb, 0x38, 0x42, 0xff, 0xfb, 0x3a, 0x44, 0xff, 
  0xfb, 0x39, 0x43, 0xff, 0xfb, 0x2d, 0x38, 0xff, 0xfb, 0x30, 0x3a, 0xff, 0xf8, 0x80, 0x87, 0xff, 
  0xf6, 0xef, 0xef, 0xff, 0xf6, 0xfe, 0xfe, 0xff, 0xf6, 0xf3, 0xf3, 0xff, 0xf6, 0xf6, 0xf6, 0xff, 
  0xf6, 0xf6, 0xf6, 0xff, 0xf6, 0xf6, 0xf6, 0xff, 0xf6, 0xf6, 0xf6, 0xff, 0xf6, 0xf6, 0xf6, 0xff, 
  0xf6, 0xf6, 0xf6, 0xff, 0xf6, 0xf6, 0xf6, 0xff, 0xf6, 0xf6, 0xf6, 0xff, 0xf6, 0xf6, 0xf6, 0xff, 
  0xf6, 0xf6, 0xf6, 0xff, 0xf6, 0xf6, 0xf6, 0xff, 0xf6, 0xf6, 0xf6, 0xff, 0xf6, 0xf6, 0xf6, 0xff, 
  0xf6, 0xf6, 0xf6, 0xff, 0xf6, 0xf6, 0xf6, 0xff, 0xf6, 0xf6, 0xf6, 0xff, 0xf6, 0xf6, 0xf6, 0xff, 
  0xf6, 0xf3, 0xf3, 0xff, 0xf6, 0xff, 0xff, 0xff, 0xf6, 0xd5, 0xd7, 0xff, 0xf9, 0x50, 0x59, 0xff, 
  0xfb, 0x28, 0x33, 0xff, 0xfb, 0x39, 0x43, 0xff, 0xfb, 0x3a, 0x43, 0xff, 0xfb, 0x37, 0x41, 0xff, 
  0xfb, 0x37, 0x41, 0xff, 0xfb, 0x37, 0x41, 0xff, 0xfb, 0x37, 0x41, 0xff, 0xfb, 0x37, 0x41, 0xff, 
  0xfb, 0x37, 0x41, 0xff, 0xfb, 0x37, 0x41, 0xff, 0xfb, 0x37, 0x41, 0xff, 0xfb, 0x37, 0x41, 0xff, 
  0xfb, 0x37, 0x41, 0xff, 0xfb, 0x37, 0x41, 0xff, 0xfb, 0x37, 0x41, 0xff, 0xfb, 0x37, 0x41, 0xff, 
  0xfb, 0x37, 0x41, 0xff, 0xfb, 0x37, 0x41, 0xff, 0xfb, 0x37, 0x41, 0xff, 0xfb, 0x37, 0x41, 0xff, 
  0xfb, 0x37, 0x41, 0xff, 0xfb, 0x39, 0x43, 0xff, 0xfb, 0x39, 0x43, 0xff, 0xfb, 0x28, 0x33, 0xff, 
  0xf9, 0x4f, 0x58, 0xff, 0xf6, 0xd4, 0xd6, 0xff, 0xf6, 0xff, 0xff, 0xff, 0xf6, 0xf3, 0xf3, 0xff, 
  0xf6, 0xf6, 0xf6, 0xff, 0xf6, 0xf6, 0xf6, 0xff, 0xf6, 0xf6, 0xf6, 0xff, 0xf6, 0xf6, 0xf6, 0xff, 
  0xf6, 0xf6, 0xf6, 0xff, 0xf6, 0xf6, 0xf6, 0xff, 0xf6, 0xf6, 0xf6, 0xff, 0xf6, 0xf6, 0xf6, 0xff, 
  0xf6, 0xf6, 0xf6, 0xff, 0xf6, 0xf6, 0xf6, 0xff, 0xf6, 0xf6, 0xf6, 0xff, 0xf6, 0xf6, 0xf6, 0xff, 
  0xf6, 0xf6, 0xf6, 0xff, 0xf6, 0xf6, 0xf6, 0xff, 0xf6, 0xf6, 0xf6, 0xff, 0xf6, 0xf3, 0xf3, 0xff, 
  0xf6, 0xff, 0xff, 0xff, 0xf7, 0xc3, 0xc6, 0xff, 0xfa, 0x3a, 0x43, 0xff, 0xfb, 0x2f, 0x39, 0xff, 
  0xfb, 0x3b, 0x45, 0xff, 0xfb, 0x37, 0x41, 0xff, 0xfb, 0x37, 0x41, 0xff, 0xfb, 0x37, 0x41, 0xff, 
  0xfb, 0x37, 0x41, 0xff, 0xfb, 0x37, 0x41, 0xff, 0xfb, 0x37, 0x41, 0xff, 0xfb, 0x37, 0x41, 0xff, 
  0xfb, 0x37, 0x41, 0xff, 0xfb, 0x37, 0x41, 0xff, 0xfb, 0x37, 0x41, 0xff, 0xfb, 0x37, 0x41, 0xff, 
  0xfb, 0x37, 0x41, 0xff, 0xfb, 0x37, 0x41, 0xff, 0xfb, 0x37, 0x41, 0xff, 0xfb, 0x37, 0x41, 0xff, 
  0xfb, 0x37, 0x41, 0xff, 0xfb, 0x37, 0x41, 0xff, 0xfb, 0x37, 0x41, 0xff, 0xfb, 0x37, 0x41, 0xff, 
  0xfb, 0x37, 0x41, 0xff, 0xfb, 0x37, 0x41, 0xff, 0xfb, 0x37, 0x41, 0xff, 0xfb, 0x3b, 0x45, 0xff, 
  0xfb, 0x2f, 0x3a, 0xff, 0xfa, 0x39, 0x43, 0xff, 0xf6, 0xc2, 0xc5, 0xff, 0xf6, 0xff, 0xff, 0xff, 
  0xf6, 0xf3, 0xf3, 0xff, 0xf6, 0xf6, 0xf6, 0xff, 0xf6, 0xf6, 0xf6, 0xff, 0xf6, 0xf6, 0xf6, 0xff, 
  0xf6, 0xf6, 0xf6, 0xff, 0xf6, 0xf6, 0xf6, 0xff, 0xf6, 0xf6, 0xf6, 0xff, 0xf6, 0xf6, 0xf6, 0xff, 
  0xf6, 0xf6, 0xf6, 0xff, 0xf6, 0xf6, 0xf6, 0xff, 0xf6, 0xf6, 0xf6, 0xff, 0xf6, 0xf6, 0xf6, 0xff, 
  0xf6, 0xf6, 0xf6, 0xff, 0xf6, 0xf6, 0xf6, 0xff, 0xf6, 0xf3, 0xf3, 0xff, 0xf6, 0xff, 0xff, 0xff, 
  0xf6, 0xc3, 0xc6, 0xff, 0xfa, 0x33, 0x3d, 0xff, 0xfb, 0x33, 0x3e, 0xff, 0xfb, 0x3a, 0x44, 0xff, 
  0xfb, 0x37, 0x41, 0xff, 0xfb, 0x37, 0x41, 0xff, 0xfb, 0x37, 0x41, 0xff, 0xfb, 0x37, 0x41, 0xff, 
  0xfb, 0x37, 0x41, 0xff, 0xfb, 0x37, 0x41, 0xff, 0xfb, 0x37, 0x41, 0xff, 0xfb, 0x37, 0x41, 0xff, 
  0xfb, 0x37, 0x41, 0xff, 0xfb, 0x37, 0x41, 0xff, 0xfb, 0x37, 0x41, 0xff, 0xfb, 0x37, 0x41, 0xff, 
  0xfb, 0x37, 0x41, 0xff, 0xfb, 0x37, 0x41, 0xff, 0xfb, 0x37, 0x41, 0xff, 0xfb, 0x38, 0x42, 0xff, 
  0xfb, 0x39, 0x43, 0xff, 0xfb, 0x39, 0x43, 0xff, 0xfb, 0x3a, 0x44, 0xff, 0xfb, 0x39, 0x43, 0xff, 
  0xfb, 0x37, 0x41, 0xff, 0xfb, 0x37, 0x41, 0xff, 0xfb, 0x37, 0x41, 0xff, 0xfb, 0x37, 0x41, 0xff, 
  0xfb, 0x3a, 0x44, 0xff, 0xfb, 0x34, 0x3e, 0xff, 0xfa, 0x33, 0x3d, 0xff, 0xf6, 0xc2, 0xc4, 0xff, 
  0xf6, 0xff, 0xff, 0xff, 0xf6, 0xf3, 0xf3, 0xff, 0xf6, 0xf6, 0xf6, 0xff, 0xf6, 0xf6, 0xf6, 0xff, 
  0xf6, 0xf6, 0xf6, 0xff, 0xf6, 0xf6, 0xf6, 0xff, 0xf6, 0xf6, 0xf6, 0xff, 0xf6, 0xf6, 0xf6, 0xff, 
  0xf6, 0xf6, 0xf6, 0xff, 0xf6, 0xf6, 0xf6, 0xff, 0xf6, 0xf6, 0xf6, 0xff, 0xf6, 0xf6, 0xf6, 0xff, 
  0xf6, 0xf6, 0xf6, 0xff, 0xf6, 0xf4, 0xf4, 0xff, 0xf6, 0xfd, 0xfd, 0xff, 0xf6, 0xd5, 0xd7, 0xff, 
  0xfa, 0x3a, 0x44, 0xff, 0xfb, 0x33, 0x3e, 0xff, 0xfb, 0x3a, 0x43, 0xff, 0xfb, 0x37, 0x41, 0xff, 
  0xfb, 0x37, 0x41, 0xff, 0xfb, 0x37, 0x41, 0xff, 0xfb, 0x37, 0x41, 0xff, 0xfb, 0x37, 0x41, 0xff, 
  0xfb, 0x37, 0x41, 0xff, 0xfb, 0x37, 0x41, 0xff, 0xfb, 0x37, 0x41, 0xff, 0xfb, 0x37, 0x41, 0xff, 
  0xfb, 0x37, 0x41, 0xff, 0xfb, 0x37, 0x41, 0xff, 0xfb, 0x38, 0x42, 0xff, 0xfb, 0x39, 0x43, 0xff, 
  0xfb, 0x3a, 0x43, 0xff, 0xfb, 0x3a, 0x44, 0xff, 0xfb, 0x38, 0x42, 0xff, 0xfb, 0x35, 0x3f, 0xff, 
  0xfb, 0x30, 0x3a, 0xff, 0xfb, 0x2c, 0x37, 0xff, 0xfb, 0x29, 0x34, 0xff, 0xfb, 0x30, 0x3a, 0xff, 
  0xfb, 0x38, 0x42, 0xff, 0xfb, 0x37, 0x41, 0xff, 0xfb, 0x37, 0x41, 0xff, 0xfb, 0x37, 0x41, 0xff, 
  0xfb, 0x37, 0x41, 0xff, 0xfb, 0x39, 0x43, 0xff, 0xfb, 0x34, 0x3e, 0xff, 0xfa, 0x38, 0x43, 0xff, 
  0xf6, 0xd3, 0xd6, 0xff, 0xf6, 0xfe, 0xfd, 0xff, 0xf6, 0xf4, 0xf4, 0xff, 0xf6, 0xf6, 0xf6, 0xff, 
  0xf6, 0xf6, 0xf6, 0xff, 0xf6, 0xf6, 0xf6, 0xff, 0xf6, 0xf6, 0xf6, 0xff, 0xf6, 0xf6, 0xf6, 0xff, 
  0xf6, 0xf6, 0xf6, 0xff, 0xf6, 0xf6, 0xf6, 0xff, 0xf6, 0xf6, 0xf6, 0xff, 0xf6, 0xf6, 0xf6, 0xff, 
  0xf6, 0xf5, 0xf5, 0xff, 0xf6, 0xf8, 0xf8, 0xff, 0xf6, 0xef, 0xf0, 0xff, 0xf9, 0x50, 0x59, 0xff, 
  0xfb, 0x2f, 0x39, 0xff, 0xfb, 0x3a, 0x44, 0xff, 0xfb, 0x37, 0x41, 0xff, 0xfb, 0x37, 0x41, 0xff, 
  0xfb, 0x37, 0x41, 0xff, 0xfb, 0x37, 0x41, 0xff, 0xfb, 0x37, 0x41, 0xff, 0xfb, 0x37, 0x41, 0xff, 
  0xfb, 0x37, 0x41, 0xff, 0xfb, 0x37, 0x41, 0xff, 0xfb, 0x39, 0x43, 0xff, 0xfb, 0x3a, 0x44, 0xff, 
  0xfb, 0x3a, 0x44, 0xff, 0xfb, 0x38, 0x42, 0xff, 0xfb, 0x35, 0x3f, 0xff, 0xfb, 0x30, 0x3a, 0xff, 
  0xfb, 0x2b, 0x36, 0xff, 0xfb, 0x2a, 0x35, 0xff, 0xfa, 0x31, 0x3a, 0xff, 0xfa, 0x3f, 0x48, 0xff, 
  0xf9, 0x56, 0x5f, 0xff, 0xf8, 0x74, 0x7b, 0xff, 0xfa, 0x9b, 0x9f, 0xff, 0xfb, 0x67, 0x6f, 0xff, 
  0xfb, 0x30, 0x3b, 0xff, 0xfb, 0x38, 0x42, 0xff, 0xfb, 0x37, 0x41, 0xff, 0xfb, 0x37, 0x41, 0xff, 
  0xfb, 0x37, 0x41, 0xff, 0xfb, 0x37, 0x41, 0xff, 0xfb, 0x3a, 0x44, 0xff, 0xfb, 0x2f, 0x3a, 0xff, 
  0xf9, 0x4f, 0x57, 0xff, 0xf6, 0xee, 0xef, 0xff, 0xf6, 0xf8, 0xf8, 0xff, 0xf6, 0xf5, 0xf5, 0xff, 
  0xf6, 0xf6, 0xf6, 0xff, 0xf6, 0xf6, 0xf6, 0xff, 0xf6, 0xf6, 0xf6, 0xff, 0xf6, 0xf6, 0xf6, 0xff, 
  0xf6, 0xf6, 0xf6, 0xff, 0xf6, 0xf6, 0xf6, 0xff, 0xf6, 0xf6, 0xf6, 0xff, 0xf6, 0xf6, 0xf6, 0xff, 
  0xf6, 0xf4, 0xf4, 0xff, 0xf6, 0xff, 0xff, 0xff, 0xf8, 0x82, 0x88, 0xff, 0xfb, 0x28, 0x33, 0xff, 
  0xfb, 0x3b, 0x45, 0xff, 0xfb, 0x37, 0x41, 0xff, 0xfb, 0x37, 0x41, 0xff, 0xfb, 0x37, 0x41, 0xff, 
  0xfb, 0x37, 0x41, 0xff, 0xfb, 0x37, 0x41, 0xff, 0xfb, 0x37, 0x41, 0xff, 0xfb, 0x37, 0x41, 0xff, 
  0xfb, 0x37, 0x41, 0xff, 0xfb, 0x37, 0x41, 0xff, 0xfb, 0x30, 0x3a, 0xff, 0xfb, 0x2b, 0x35, 0xff, 
  0xfb, 0x2b, 0x35, 0xff, 0xfb, 0x31, 0x3c, 0xff, 0xfa, 0x40, 0x4a, 0xff, 0xfb, 0x59, 0x61, 0xff, 
  0xf9, 0x78, 0x7f, 0xff, 0xf9, 0x9a, 0x9e, 0xff, 0xf9, 0xbc, 0xbe, 0xff, 0xf9, 0xd7, 0xd8, 0xff, 
  0xf9, 0xe8, 0xe9, 0xff, 0xf8, 0xee, 0xee, 0xff, 0xfc, 0xff, 0xff, 0xff, 0xfd, 0xb8, 0xbc, 0xff, 
  0xfb, 0x2c, 0x36, 0xff, 0xfb, 0x39, 0x43, 0xff, 0xfb, 0x37, 0x41, 0xff, 0xfb, 0x37, 0x41, 0xff, 
  0xfb, 0x37, 0x41, 0xff, 0xfb, 0x37, 0x41, 0xff, 0xfb, 0x37, 0x41, 0xff, 0xfb, 0x3b, 0x45, 0xff, 
  0xfb, 0x28, 0x33, 0xff, 0xf8, 0x80, 0x85, 0xff, 0xf6, 0xff, 0xff, 0xff, 0xf6, 0xf4, 0xf4, 0xff, 
  0xf6, 0xf6, 0xf6, 0xff, 0xf6, 0xf6, 0xf6, 0xff, 0xf6, 0xf6, 0xf6, 0xff, 0xf6, 0xf6, 0xf6, 0xff, 
  0xf6, 0xf6, 0xf6, 0xff, 0xf6, 0xf6, 0xf6, 0xff, 0xf6, 0xf6, 0xf6, 0xff, 0xf6, 0xf4, 0xf4, 0xff, 
  0xf6, 0xfe, 0xfe, 0xff, 0xf7, 0xc9, 0xcb, 0xff, 0xfb, 0x30, 0x3a, 0xff, 0xfb, 0x39, 0x43, 0xff, 
  0xfb, 0x37, 0x41, 0xff, 0xfb, 0x37, 0x41, 0xff, 0xfb, 0x37, 0x41, 0xff, 0xfb, 0x37, 0x41, 0xff, 
  0xfb, 0x37, 0x41, 0xff, 0xfb, 0x37, 0x41, 0xff, 0xfb, 0x37, 0x41, 0xff, 0xfb, 0x37, 0x41, 0xff, 
  0xfb, 0x37, 0x41, 0xff, 0xfb, 0x36, 0x40, 0xff, 0xfa, 0x59, 0x61, 0xff, 0xfb, 0x7d, 0x84, 0xff, 
  0xfa, 0x9e, 0xa3, 0xff, 0xfa, 0xbf, 0xc2, 0xff, 0xfa, 0xd8, 0xda, 0xff, 0xfd, 0xed, 0xee, 0xff, 
  0xfb, 0xf4, 0xf4, 0xff, 0xfb, 0xf5, 0xf5, 0xff, 0xfb, 0xf1, 0xf1, 0xff, 0xfb, 0xed, 0xed, 0xff, 
  0xfc, 0xe9, 0xea, 0xff, 0xfd, 0xe5, 0xe6, 0xff, 0xfe, 0xf2, 0xf3, 0xff, 0xfe, 0xb1, 0xb5, 0xff, 
  0xfb, 0x2d, 0x37, 0xff, 0xfb, 0x39, 0x43, 0xff, 0xfb, 0x37, 0x41, 0xff, 0xfb, 0x37, 0x41, 0xff, 
  0xfb, 0x37, 0x41, 0xff, 0xfb, 0x37, 0x41, 0xff, 0xfb, 0x37, 0x41, 0xff, 0xfb, 0x37, 0x41, 0xff, 
  0xfb, 0x39, 0x43, 0xff, 0xfa, 0x2f, 0x39, 0xff, 0xf7, 0xc7, 0xc9, 0xff, 0xf6, 0xfe, 0xfe, 0xff, 
  0xf6, 0xf4, 0xf4, 0xff, 0xf6, 0xf6, 0xf6, 0xff, 0xf6, 0xf6, 0xf6, 0xff, 0xf6, 0xf6, 0xf6, 0xff, 
  0xf6, 0xf6, 0xf6, 0xff, 0xf6, 0xf6, 0xf6, 0xff, 0xf6, 0xf6, 0xf6, 0xff, 0xf6, 0xf5, 0xf5, 0xff, 
  0xf5, 0xfb, 0xfb, 0xff, 0xf8, 0x65, 0x6d, 0xff, 0xfb, 0x2d, 0x38, 0xff, 0xfb, 0x3a, 0x44, 0xff, 
  0xfb, 0x37, 0x41, 0xff, 0xfb, 0x37, 0x41, 0xff, 0xfb, 0x37, 0x41, 0xff, 0xfb, 0x37, 0x41, 0xff, 
  0xfb, 0x37, 0x41, 0xff, 0xfb, 0x37, 0x41, 0xff, 0xfb, 0x37, 0x41, 0xff, 0xfa, 0x39, 0x43, 0xff, 
  0xfa, 0x30, 0x3a, 0xff, 0xf8, 0x5d, 0x65, 0xff, 0xf9, 0xee, 0xee, 0xff, 0xf9, 0xf4, 0xf3, 0xff, 
  0xfa, 0xf4, 0xf4, 0xff, 0xfa, 0xf1, 0xf1, 0xff, 0xfb, 0xec, 0xed, 0xff, 0xfb, 0xe7, 0xe8, 0xff, 
  0xfc, 0xe6, 0xe7, 0xff, 0xfc, 0xe6, 0xe7, 0xff, 0xfe, 0xe8, 0xe9, 0xff, 0xff, 0xea, 0xeb, 0xff, 
  0xff, 0xeb, 0xec, 0xff, 0xff, 0xe9, 0xea, 0xff, 0xff, 0xf6, 0xf6, 0xff, 0xfe, 0xb2, 0xb6, 0xff, 
  0xfb, 0x2d, 0x37, 0xff, 0xfb, 0x39, 0x43, 0xff, 0xfb, 0x37, 0x41, 0xff, 0xfb, 0x37, 0x41, 0xff, 
  0xfb, 0x37, 0x41, 0xff, 0xfb, 0x37, 0x41, 0xff, 0xfb, 0x37, 0x41, 0xff, 0xfb, 0x37, 0x41, 0xff, 
  0xfb, 0x39, 0x43, 0xff, 0xfb, 0x2d, 0x38, 0xff, 0xf8, 0x64, 0x6b, 0xff, 0xf6, 0xfb, 0xfb, 0xff, 
  0xf6, 0xf5, 0xf5, 0xff, 0xf6, 0xf6, 0xf6, 0xff, 0xf6, 0xf6, 0xf6, 0xff, 0xf6, 0xf6, 0xf6, 0xff, 
  0xf6, 0xf6, 0xf6, 0xff, 0xf6, 0xf6, 0xf6, 0xff, 0xf6, 0xf4, 0xf4, 0xff, 0xf6, 0xfe, 0xfe, 0xff, 
  0xf6, 0xc6, 0xc9, 0xff, 0xfa, 0x2f, 0x3a, 0xff, 0xfb, 0x39, 0x43, 0xff, 0xfb, 0x37, 0x41, 0xff, 
  0xfc, 0x37, 0x41, 0xff, 0xfb, 0x36, 0x40, 0xff, 0xfb, 0x37, 0x41, 0xff, 0xf9, 0x38, 0x42, 0xff, 
  0xfa, 0x38, 0x42, 0xff, 0xfb, 0x37, 0x41, 0xff, 0xf7, 0x3b, 0x45, 0xff, 0xf7, 0x3c, 0x45, 0xff, 
  0xf8, 0x33, 0x3c, 0xff, 0xf6, 0x6b, 0x73, 0xff, 0xf9, 0xef, 0xf0, 0xff, 0xfb, 0xe4, 0xe5, 0xff, 
  0xfd, 0xe7, 0xe8, 0xff, 0xfd, 0xe7, 0xe8, 0xff, 0xfe, 0xe9, 0xea, 0xff, 0xfe, 0xea, 0xeb, 0xff, 
  0xff, 0xeb, 0xec, 0xff, 0xff, 0xea, 0xeb, 0xff, 0xfe, 0xe9, 0xea, 0xff, 0xfe, 0xe8, 0xe9, 0xff, 
  0xff, 0xe9, 0xea, 0xff, 0xff, 0xea, 0xeb, 0xff, 0xff, 0xf6, 0xf6, 0xff, 0xfe, 0xb2, 0xb6, 0xff, 
  0xfb, 0x2d, 0x37, 0xff, 0xfb, 0x39, 0x43, 0xff, 0xfb, 0x37, 0x41, 0xff, 0xfb, 0x37, 0x41, 0xff, 
  0xfb, 0x37, 0x41, 0xff, 0xfb, 0x37, 0x41, 0xff, 0xfb, 0x37, 0x41, 0xff, 0xfb, 0x37, 0x41, 0xff, 
  0xfb, 0x37, 0x41, 0xff, 0xfb, 0x39, 0x43, 0xff, 0xfa, 0x2e, 0x39, 0xff, 0xf6, 0xc5, 0xc7, 0xff, 
  0xf6, 0xff, 0xff, 0xff, 0xf6, 0xf4, 0xf4, 0xff, 0xf6, 0xf6, 0xf6, 0xff, 0xf5, 0xf5, 0xf5, 0xff, 
  0xf6, 0xf6, 0xf6, 0xff, 0xf6, 0xf6, 0xf6, 0xff, 0xf6, 0xf3, 0xf3, 0xff, 0xf6, 0xff, 0xff, 0xff, 
  0xf8, 0x79, 0x80, 0xff, 0xfb, 0x2a, 0x35, 0xff, 0xfb, 0x39, 0x43, 0xff, 0xfa, 0x37, 0x41, 0xff, 
  0xf7, 0x39, 0x42, 0xff, 0xf7, 0x3b, 0x44, 0xff, 0xf7, 0x38, 0x41, 0xff, 0xf2, 0x3e, 0x48, 0xff, 
  0xf6, 0x3d, 0x47, 0xff, 0xfa, 0x37, 0x41, 0xff, 0xf6, 0x3f, 0x48, 0xff, 0xf8, 0x3c, 0x46, 0xff, 
  0xf8, 0x30, 0x39, 0xff, 0xf8, 0x66, 0x6d, 0xff, 0xfd, 0xf1, 0xf1, 0xff, 0xfe, 0xe9, 0xea, 0xff, 
  0xff, 0xea, 0xeb, 0xff, 0xfe, 0xe9, 0xea, 0xff, 0xfe, 0xe8, 0xe9, 0xff, 0xff, 0xe8, 0xea, 0xff, 
  0xff, 0xeb, 0xec, 0xff, 0xff, 0xf1, 0xf2, 0xff, 0xff, 0xf7, 0xf7, 0xff, 0xff, 0xf9, 0xfa, 0xff, 
  0xff, 0xf4, 0xf4, 0xff, 0xf9, 0xe7, 0xe7, 0xff, 0xfe, 0xf7, 0xf7, 0xff, 0xfe, 0xb2, 0xb6, 0xff, 
  0xfb, 0x2d, 0x37, 0xff, 0xfb, 0x39, 0x43, 0xff, 0xfb, 0x37, 0x41, 0xff, 0xfb, 0x37, 0x41, 0xff, 
  0xfb, 0x37, 0x41, 0xff, 0xfb, 0x37, 0x41, 0xff, 0xfb, 0x37, 0x41, 0xff, 0xfb, 0x37, 0x41, 0xff, 
  0xfb, 0x37, 0x41, 0xff, 0xfb, 0x39, 0x43, 0xff, 0xfb, 0x2a, 0x35, 0xff, 0xf8, 0x77, 0x7d, 0xff, 
  0xf3, 0xfc, 0xfc, 0xff, 0xf2, 0xef, 0xf0, 0xff, 0xf2, 0xf2, 0xf2, 0xff, 0xee, 0xee, 0xee, 0xff, 
  0xf6, 0xf6, 0xf6, 0xff, 0xf6, 0xf5, 0xf5, 0xff, 0xf6, 0xfa, 0xfa, 0xff, 0xf6, 0xe9, 0xe9, 0xff, 
  0xfa, 0x43, 0x4c, 0xff, 0xf8, 0x38, 0x41, 0xff, 0xf6, 0x40, 0x48, 0xff, 0xf7, 0x3a, 0x44, 0xff, 
  0xf4, 0x40, 0x48, 0xff, 0xf5, 0x42, 0x4a, 0xff, 0xf7, 0x39, 0x43, 0xff, 0xf5, 0x3d, 0x47, 0xff, 
  0xf6, 0x3c, 0x46, 0xff, 0xfa, 0x37, 0x41, 0xff, 0xfa, 0x38, 0x42, 0xff, 0xfa, 0x3a, 0x44, 0xff, 
  0xfb, 0x2d, 0x37, 0xff, 0xfa, 0x67, 0x6e, 0xff, 0xff, 0xf3, 0xf3, 0xff, 0xff, 0xe8, 0xeb, 0xff, 
  0xff, 0xef, 0xf0, 0xff, 0xff, 0xf5, 0xf6, 0xff, 0xff, 0xf9, 0xf9, 0xff, 0xff, 0xf7, 0xf7, 0xff, 
  0xfb, 0xea, 0xeb, 0xff, 0xef, 0xd2, 0xd4, 0xff, 0xe3, 0xb1, 0xb4, 0xff, 0xd9, 0x8a, 0x8e, 0xff, 
  0xd2, 0x63, 0x69, 0xff, 0xcf, 0x42, 0x4a, 0xff, 0xf3, 0xd5, 0xd7, 0xff, 0xff, 0xba, 0xbd, 0xff, 
  0xfa, 0x2b, 0x36, 0xff, 0xfb, 0x39, 0x43, 0xff, 0xfb, 0x37, 0x41, 0xff, 0xfb, 0x37, 0x41, 0xff, 
  0xfb, 0x37, 0x41, 0xff, 0xfb, 0x37, 0x41, 0xff, 0xfb, 0x37, 0x41, 0xff, 0xfb, 0x37, 0x41, 0xff, 
  0xfb, 0x37, 0x41, 0xff, 0xf8, 0x3b, 0x44, 0xff, 0xf7, 0x3d, 0x46, 0xff, 0xf6, 0x45, 0x4e, 0xff, 
  0xf0, 0xe0, 0xe1, 0xff, 0xef, 0xf3, 0xf3, 0xff, 0xf2, 0xf1, 0xf1, 0xff, 0xf0, 0xf0, 0xf0, 0xff, 
  0xf6, 0xf6, 0xf6, 0xff, 0xf6, 0xf3, 0xf4, 0xff, 0xf6, 0xff, 0xff, 0xff, 0xf7, 0xbb, 0xbe, 0xff, 
  0xfb, 0x2c, 0x37, 0xff, 0xf6, 0x41, 0x49, 0xff, 0xf4, 0x43, 0x4c, 0xff, 0xf6, 0x3c, 0x45, 0xff, 
  0xf6, 0x3b, 0x45, 0xff, 0xf5, 0x3c, 0x45, 0xff, 0xf9, 0x39, 0x43, 0xff, 0xfa, 0x38, 0x42, 0xff, 
  0xfb, 0x37, 0x41, 0xff, 0xfb, 0x37, 0x41, 0xff, 0xfb, 0x37, 0x41, 0xff, 0xfb, 0x39, 0x43, 0xff, 
  0xfb, 0x2d, 0x38, 0xff, 0xfa, 0x67, 0x6e, 0xff, 0xff, 0xf3, 0xf3, 0xff, 0xfe, 0xed, 0xee, 0xff, 
  0xf4, 0xdb, 0xdc, 0xff, 0xe7, 0xbb, 0xbe, 0xff, 0xdb, 0x94, 0x98, 0xff, 0xd3, 0x6d, 0x73, 0xff, 
  0xd0, 0x4b, 0x52, 0xff, 0xd4, 0x33, 0x3c, 0xff, 0xde, 0x28, 0x31, 0xff, 0xe9, 0x26, 0x31, 0xff, 
  0xf4, 0x2d, 0x37, 0xff, 0xfa, 0x28, 0x33, 0xff, 0xfb, 0xc9, 0xcb, 0xff, 0xfe, 0xbc, 0xbf, 0xff, 
  0xfb, 0x2b, 0x36, 0xff, 0xfb, 0x39, 0x43, 0xff, 0xfb, 0x37, 0x41, 0xff, 0xfb, 0x37, 0x41, 0xff, 
  0xfb, 0x37, 0x41, 0xff, 0xfb, 0x37, 0x41, 0xff, 0xfb, 0x37, 0x41, 0xff, 0xfb, 0x37, 0x41, 0xff, 
  0xfb, 0x36, 0x40, 0xff, 0xf7, 0x3c, 0x46, 0xff, 0xf4, 0x45, 0x4e, 0xff, 0xf5, 0x34, 0x3d, 0xff, 
  0xf3, 0xb4, 0xb8, 0xff, 0xef, 0xfb, 0xfb, 0xff, 0xf3, 0xf1, 0xf1, 0xff, 0xf5, 0xf5, 0xf5, 0xff, 
  0xf6, 0xf6, 0xf6, 0xff, 0xf6, 0xf3, 0xf3, 0xff, 0xf6, 0xff, 0xff, 0xff, 0xf8, 0x8d, 0x92, 0xff, 
  0xfc, 0x29, 0x34, 0xff, 0xf8, 0x3d, 0x46, 0xff, 0xf7, 0x3c, 0x45, 0xff, 0xf9, 0x39, 0x43, 0xff, 
  0xfa, 0x36, 0x41, 0xff, 0xfb, 0x36, 0x40, 0xff, 0xfb, 0x37, 0x41, 0xff, 0xfb, 0x37, 0x41, 0xff, 
  0xfb, 0x37, 0x41, 0xff, 0xfb, 0x37, 0x41, 0xff, 0xfb, 0x37, 0x41, 0xff, 0xfb, 0x39, 0x43, 0xff, 
  0xfb, 0x2d, 0x38, 0xff, 0xfa, 0x65, 0x6d, 0xff, 0xfe, 0xfa, 0xfa, 0xff, 0xdb, 0x7a, 0x7f, 0xff, 
  0xd0, 0x31, 0x39, 0xff, 0xdb, 0x2c, 0x35, 0xff, 0xe6, 0x26, 0x30, 0xff, 0xf1, 0x29, 0x34, 0xff, 
  0xfa, 0x30, 0x3b, 0xff, 0xff, 0x37, 0x41, 0xff, 0xff, 0x3a, 0x44, 0xff, 0xff, 0x3b, 0x45, 0xff, 
  0xfd, 0x3b, 0x45, 0xff, 0xfa, 0x2f, 0x3a, 0xff, 0xfc, 0xcc, 0xce, 0xff, 0xfe, 0xbb, 0xbf, 0xff, 
  0xfb, 0x2b, 0x36, 0xff, 0xfb, 0x39, 0x43, 0xff, 0xfb, 0x37, 0x41, 0xff, 0xfb, 0x37, 0x41, 0xff, 
  0xfb, 0x37, 0x41, 0xff, 0xfb, 0x37, 0x41, 0xff, 0xfb, 0x37, 0x41, 0xff, 0xfb, 0x37, 0x41, 0xff, 
  0xfb, 0x37, 0x41, 0xff, 0xf9, 0x39, 0x43, 0xff, 0xf6, 0x3f, 0x48, 0xff, 0xf9, 0x2c, 0x36, 0xff, 
  0xf7, 0x8a, 0x90, 0xff, 0xf6, 0xff, 0xff, 0xff, 0xf6, 0xf3, 0xf3, 0xff, 0xf6, 0xf6, 0xf6, 0xff, 
  0xf6, 0xf6, 0xf6, 0xff, 0xf6, 0xf4, 0xf4, 0xff, 0xf6, 0xfe, 0xfd, 0xff, 0xfa, 0x69, 0x71, 0xff, 
  0xfb, 0x2d, 0x37, 0xff, 0xfb, 0x39, 0x43, 0xff, 0xfb, 0x36, 0x40, 0xff, 0xfb, 0x37, 0x41, 0xff, 
  0xfb, 0x37, 0x41, 0xff, 0xfb, 0x37, 0x41, 0xff, 0xfb, 0x37, 0x41, 0xff, 0xfb, 0x37, 0x41, 0xff, 
  0xfb, 0x37, 0x41, 0xff, 0xfb, 0x37, 0x41, 0xff, 0xfb, 0x37, 0x41, 0xff, 0xfb, 0x39, 0x43, 0xff, 
  0xfb, 0x2d, 0x38, 0xff, 0xfa, 0x66, 0x6d, 0xff, 0xfe, 0xf8, 0xf8, 0xff, 0xf8, 0x58, 0x60, 0xff, 
  0xfe, 0x2c, 0x37, 0xff, 0xff, 0x3c, 0x46, 0xff, 0xff, 0x3b, 0x45, 0xff, 0xfd, 0x3a, 0x44, 0xff, 
  0xfb, 0x39, 0x42, 0xff, 0xfa, 0x37, 0x41, 0xff, 0xfa, 0x37, 0x41, 0xff, 0xfa, 0x37, 0x41, 0xff, 
  0xfb, 0x38, 0x42, 0xff, 0xfa, 0x2e, 0x39, 0xff, 0xfc, 0xcb, 0xcd, 0xff, 0xfe, 0xbb, 0xbf, 0xff, 
  0xfb, 0x2b, 0x36, 0xff, 0xfb, 0x39, 0x43, 0xff, 0xfb, 0x37, 0x41, 0xff, 0xfb, 0x37, 0x41, 0xff, 
  0xfb, 0x37, 0x41, 0xff, 0xfb, 0x37, 0x41, 0xff, 0xfb, 0x37, 0x41, 0xff, 0xfb, 0x37, 0x41, 0xff, 
  0xfb, 0x37, 0x41, 0xff, 0xfb, 0x37, 0x41, 0xff, 0xfb, 0x39, 0x43, 0xff, 0xfb, 0x2c, 0x37, 0xff, 
  0xfa, 0x68, 0x70, 0xff, 0xf6, 0xfd, 0xfd, 0xff, 0xf6, 0xf4, 0xf4, 0xff, 0xf6, 0xf6, 0xf6, 0xff, 
  0xf6, 0xf6, 0xf6, 0xff, 0xf6, 0xf7, 0xf7, 0xff, 0xf6, 0xf4, 0xf4, 0xff, 0xfa, 0x53, 0x5b, 0xff, 
  0xfb, 0x31, 0x3b, 0xff, 0xfb, 0x38, 0x42, 0xff, 0xfb, 0x37, 0x41, 0xff, 0xfb, 0x37, 0x41, 0xff, 
  0xfb, 0x37, 0x41, 0xff, 0xfb, 0x37, 0x41, 0xff, 0xfb, 0x37, 0x41, 0xff, 0xfb, 0x37, 0x41, 0xff, 
  0xfb, 0x37, 0x41, 0xff, 0xfb, 0x37, 0x41, 0xff, 0xfb, 0x37, 0x41, 0xff, 0xfb, 0x39, 0x43, 0xff, 
  0xfb, 0x2d, 0x38, 0xff, 0xfa, 0x66, 0x6d, 0xff, 0xfe, 0xf8, 0xf8, 0xff, 0xfc, 0x61, 0x69, 0xff, 
  0xfa, 0x2f, 0x3a, 0xff, 0xfa, 0x39, 0x43, 0xff, 0xfa, 0x37, 0x41, 0xff, 0xfb, 0x37, 0x41, 0xff, 
  0xfb, 0x37, 0x41, 0xff, 0xfb, 0x37, 0x41, 0xff, 0xfb, 0x37, 0x41, 0xff, 0xfb, 0x37, 0x41, 0xff, 
  0xfb, 0x38, 0x42, 0xff, 0xfa, 0x2e, 0x39, 0xff, 0xfc, 0xcb, 0xcd, 0xff, 0xfe, 0xbb, 0xbf, 0xff, 
  0xfb, 0x2b, 0x36, 0xff, 0xfb, 0x39, 0x43, 0xff, 0xfb, 0x37, 0x41, 0xff, 0xfb, 0x37, 0x41, 0xff, 
  0xfb, 0x37, 0x41, 0xff, 0xfb, 0x37, 0x41, 0xff, 0xfb, 0x37, 0x41, 0xff, 0xfb, 0x37, 0x41, 0xff, 
  0xfb, 0x37, 0x41, 0xff, 0xfb, 0x37, 0x41, 0xff, 0xfb, 0x39, 0x42, 0xff, 0xfb, 0x31, 0x3b, 0xff, 
  0xfa, 0x51, 0x5a, 0xff, 0xf6, 0xf4, 0xf4, 0xff, 0xf6, 0xf7, 0xf7, 0xff, 0xf6, 0xf5, 0xf5, 0xff, 
  0xf6, 0xf5, 0xf5, 0xff, 0xf6, 0xf9, 0xf9, 0xff, 0xf6, 0xea, 0xeb, 0xff, 0xfa, 0x46, 0x4f, 0xff, 
  0xfb, 0x33, 0x3d, 0xff, 0xfb, 0x38, 0x42, 0xff, 0xfb, 0x37, 0x41, 0xff, 0xfb, 0x37, 0x41, 0xff, 
  0xfb, 0x37, 0x41, 0xff, 0xfb, 0x37, 0x41, 0xff, 0xfb, 0x37, 0x41, 0xff, 0xfb, 0x37, 0x41, 0xff, 
  0xfb, 0x37, 0x41, 0xff, 0xfb, 0x37, 0x41, 0xff, 0xfb, 0x37, 0x41, 0xff, 0xfb, 0x39, 0x43, 0xff, 
  0xfb, 0x2d, 0x38, 0xff, 0xfa, 0x66, 0x6d, 0xff, 0xfe, 0xf8, 0xf8, 0xff, 0xfb, 0x5f, 0x67, 0xff, 
  0xfb, 0x2e, 0x39, 0xff, 0xfb, 0x39, 0x43, 0xff, 0xfb, 0x37, 0x41, 0xff, 0xfb, 0x37, 0x41, 0xff, 
  0xfb, 0x37, 0x41, 0xff, 0xfb, 0x37, 0x41, 0xff, 0xfb, 0x37, 0x41, 0xff, 0xfb, 0x37, 0x41, 0xff, 
  0xfb, 0x38, 0x42, 0xff, 0xfa, 0x2e, 0x39, 0xff, 0xfc, 0xcb, 0xcd, 0xff, 0xfe, 0xbb, 0xbf, 0xff, 
  0xfb, 0x2b, 0x36, 0xff, 0xfb, 0x39, 0x43, 0xff, 0xfb, 0x37, 0x41, 0xff, 0xfb, 0x37, 0x41, 0xff, 
  0xfb, 0x37, 0x41, 0xff, 0xfb, 0x37, 0x41, 0xff, 0xfb, 0x37, 0x41, 0xff, 0xfb, 0x37, 0x41, 0xff, 
  0xfb, 0x37, 0x41, 0xff, 0xfb, 0x37, 0x41, 0xff, 0xfb, 0x38, 0x42, 0xff, 0xfb, 0x34, 0x3e, 0xff, 
  0xfa, 0x45, 0x4e, 0xff, 0xf6, 0xe9, 0xea, 0xff, 0xf6, 0xf9, 0xf9, 0xff, 0xf6, 0xf5, 0xf5, 0xff, 
  0xf6, 0xf5, 0xf5, 0xff, 0xf6, 0xfa, 0xfa, 0xff, 0xf6, 0xe5, 0xe6, 0xff, 0xfb, 0x41, 0x4b, 0xff, 
  0xfb, 0x34, 0x3e, 0xff, 0xfb, 0x38, 0x42, 0xff, 0xfb, 0x37, 0x41, 0xff, 0xfb, 0x37, 0x41, 0xff, 
  0xfb, 0x37, 0x41, 0xff, 0xfb, 0x37, 0x41, 0xff, 0xfb, 0x37, 0x41, 0xff, 0xfb, 0x37, 0x41, 0xff, 
  0xfb, 0x37, 0x41, 0xff, 0xfb, 0x37, 0x41, 0xff, 0xfb, 0x37, 0x41, 0xff, 0xfb, 0x39, 0x43, 0xff, 
  0xfb, 0x2d, 0x38, 0xff, 0xfa, 0x66, 0x6d, 0xff, 0xfe, 0xf8, 0xf8, 0xff, 0xfb, 0x5f, 0x67, 0xff, 
  0xfb, 0x2e, 0x39, 0xff, 0xfb, 0x39, 0x43, 0xff, 0xfb, 0x37, 0x41, 0xff, 0xfb, 0x37, 0x41, 0xff, 
  0xfb, 0x37, 0x41, 0xff, 0xfb, 0x37, 0x41, 0xff, 0xfb, 0x37, 0x41, 0xff, 0xfb, 0x37, 0x41, 0xff, 
  0xfb, 0x38, 0x42, 0xff, 0xfa, 0x2e, 0x39, 0xff, 0xfc, 0xcb, 0xcd, 0xff, 0xfe, 0xbb, 0xbf, 0xff, 
  0xfb, 0x2b, 0x36, 0xff, 0xfb, 0x39, 0x43, 0xff, 0xfb, 0x37, 0x41, 0xff, 0xfb, 0x37, 0x41, 0xff, 
  0xfb, 0x37, 0x41, 0xff, 0xfb, 0x37, 0x41, 0xff, 0xfb, 0x37, 0x41, 0xff, 0xfb, 0x37, 0x41, 0xff, 
  0xfb, 0x37, 0x41, 0xff, 0xfb, 0x37, 0x41, 0xff, 0xfb, 0x38, 0x42, 0xff, 0xfb, 0x35, 0x3f, 0xff, 
  0xfb, 0x3f, 0x48, 0xff, 0xf7, 0xe2, 0xe3, 0xff, 0xf6, 0xfb, 0xfa, 0xff, 0xf6, 0xf5, 0xf5, 0xff, 
  0xf6, 0xf5, 0xf5, 0xff, 0xf6, 0xfa, 0xfa, 0xff, 0xf7, 0xe5, 0xe6, 0xff, 0xfb, 0x41, 0x4b, 0xff, 
  0xfb, 0x34, 0x3e, 0xff, 0xfb, 0x38, 0x42, 0xff, 0xfb, 0x37, 0x41, 0xff, 0xfb, 0x37, 0x41, 0xff, 
  0xfb, 0x37, 0x41, 0xff, 0xfb, 0x37, 0x41, 0xff, 0xfb, 0x37, 0x41, 0xff, 0xfb, 0x37, 0x41, 0xff, 
  0xfb, 0x37, 0x41, 0xff, 0xfb, 0x37, 0x41, 0xff, 0xfb, 0x37, 0x41, 0xff, 0xfb, 0x39, 0x43, 0xff, 
  0xfb, 0x2d, 0x38, 0xff, 0xfa, 0x66, 0x6d, 0xff, 0xfe, 0xf8, 0xf8, 0xff, 0xfb, 0x5f, 0x67, 0xff, 
  0xfb, 0x2e, 0x39, 0xff, 0xfb, 0x39, 0x43, 0xff, 0xfb, 0x37, 0x41, 0xff, 0xfb, 0x37, 0x41, 0xff, 
  0xfb, 0x37, 0x41, 0xff, 0xfb, 0x37, 0x41, 0xff, 0xfb, 0x37, 0x41, 0xff, 0xfb, 0x37, 0x41, 0xff, 
  0xfb, 0x38, 0x42, 0xff, 0xfa, 0x2e, 0x39, 0xff, 0xfc, 0xcb, 0xcd, 0xff, 0xfe, 0xbb, 0xbf, 0xff, 
  0xfb, 0x2b, 0x36, 0xff, 0xfb, 0x39, 0x43, 0xff, 0xfb, 0x37, 0x41, 0xff, 0xfb, 0x37, 0x41, 0xff, 
  0xfb, 0x37, 0x41, 0xff, 0xfb, 0x37, 0x41, 0xff, 0xfb, 0x37, 0x41, 0xff, 0xfb, 0x37, 0x41, 0xff, 
  0xfb, 0x37, 0x41, 0xff, 0xfb, 0x37, 0x41, 0xff, 0xfb, 0x38, 0x42, 0xff, 0xfb, 0x35, 0x3f, 0xff, 
  0xfb, 0x3e, 0x48, 0xff, 0xf7, 0xe2, 0xe3, 0xff, 0xf6, 0xfb, 0xfa, 0xff, 0xf6, 0xf5, 0xf5, 0xff, 
  0xf6, 0xf5, 0xf5, 0xff, 0xf6, 0xf9, 0xf9, 0xff, 0xf6, 0xe9, 0xeb, 0xff, 0xfb, 0x45, 0x4f, 0xff, 
  0xfb, 0x33, 0x3d, 0xff, 0xfb, 0x38, 0x42, 0xff, 0xfb, 0x37, 0x41, 0xff, 0xfb, 0x37, 0x41, 0xff, 
  0xfb, 0x37, 0x41, 0xff, 0xfb, 0x37, 0x41, 0xff, 0xfb, 0x37, 0x41, 0xff, 0xfb, 0x37, 0x41, 0xff, 
  0xfb, 0x37, 0x41, 0xff, 0xfb, 0x37, 0x41, 0xff, 0xfb, 0x37, 0x41, 0xff, 0xfb, 0x39, 0x43, 0xff, 
  0xfb, 0x2d, 0x38, 0xff, 0xfa, 0x66, 0x6d, 0xff, 0xfe, 0xf8, 0xf8, 0xff, 0xfb, 0x5f, 0x67, 0xff, 
  0xfb, 0x2e, 0x39, 0xff, 0xfb, 0x39, 0x43, 0xff, 0xfb, 0x37, 0x41, 0xff, 0xfb, 0x37, 0x41, 0xff, 
  0xfb, 0x37, 0x41, 0xff, 0xfb, 0x37, 0x41, 0xff, 0xfb, 0x38, 0x42, 0xff, 0xfb, 0x39, 0x43, 0xff, 
  0xfb, 0x3a, 0x44, 0xff, 0xfa, 0x30, 0x3b, 0xff, 0xfc, 0xcb, 0xcd, 0xff, 0xfe, 0xbb, 0xbf, 0xff, 
  0xfb, 0x2b, 0x36, 0xff, 0xfb, 0x39, 0x43, 0xff, 0xfb, 0x37, 0x41, 0xff, 0xfb, 0x37, 0x41, 0xff, 
  0xfb, 0x37, 0x41, 0xff, 0xfb, 0x37, 0x41, 0xff, 0xfb, 0x37, 0x41, 0xff, 0xfb, 0x37, 0x41, 0xff, 
  0xfb, 0x37, 0x41, 0xff, 0xfb, 0x37, 0x41, 0xff, 0xfb, 0x38, 0x42, 0xff, 0xfb, 0x34, 0x3e, 0xff, 
  0xfb, 0x44, 0x4e, 0xff, 0xf6, 0xe9, 0xe9, 0xff, 0xf6, 0xf9, 0xf9, 0xff, 0xf6, 0xf5, 0xf5, 0xff, 
  0xf6, 0xf5, 0xf6, 0xff, 0xf6, 0xf7, 0xf7, 0xff, 0xf6, 0xf4, 0xf4, 0xff, 0xfa, 0x52, 0x5b, 0xff, 
  0xfb, 0x31, 0x3b, 0xff, 0xfb, 0x38, 0x42, 0xff, 0xfb, 0x37, 0x41, 0xff, 0xfb, 0x37, 0x41, 0xff, 
  0xfb, 0x37, 0x41, 0xff, 0xfb, 0x37, 0x41, 0xff, 0xfb, 0x37, 0x41, 0xff, 0xfb, 0x37, 0x41, 0xff, 
  0xfb, 0x37, 0x41, 0xff, 0xfb, 0x37, 0x41, 0xff, 0xfb, 0x37, 0x41, 0xff, 0xfb, 0x39, 0x43, 0xff, 
  0xfb, 0x2d, 0x38, 0xff, 0xfa, 0x66, 0x6d, 0xff, 0xfe, 0xf8, 0xf8, 0xff, 0xfb, 0x5f, 0x67, 0xff, 
  0xfb, 0x2e, 0x39, 0xff, 0xfb, 0x39, 0x43, 0xff, 0xfb, 0x37, 0x41, 0xff, 0xfb, 0x37, 0x41, 0xff, 
  0xfb, 0x38, 0x42, 0xff, 0xfb, 0x38, 0x42, 0xff, 0xfb, 0x31, 0x3b, 0xff, 0xfb, 0x2e, 0x38, 0xff, 
  0xfb, 0x2e, 0x38, 0xff, 0xfa, 0x24, 0x30, 0xff, 0xfc, 0xcd, 0xcf, 0xff, 0xfe, 0xbb, 0xbe, 0xff, 
  0xfb, 0x2b, 0x36, 0xff, 0xfb, 0x39, 0x43, 0xff, 0xfb, 0x37, 0x41, 0xff, 0xfb, 0x37, 0x41, 0xff, 
  0xfb, 0x37, 0x41, 0xff, 0xfb, 0x37, 0x41, 0xff, 0xfb, 0x37, 0x41, 0xff, 0xfb, 0x37, 0x41, 0xff, 
  0xfb, 0x37, 0x41, 0xff, 0xfb, 0x37, 0x41, 0xff, 0xfb, 0x38, 0x42, 0xff, 0xfb, 0x31, 0x3b, 0xff, 
  0xf9, 0x51, 0x5a, 0xff, 0xf6, 0xf3, 0xf3, 0xff, 0xf6, 0xf7, 0xf7, 0xff, 0xf6, 0xf5, 0xf5, 0xff, 
  0xf6, 0xf6, 0xf6, 0xff, 0xf6, 0xf4, 0xf5, 0xff, 0xf6, 0xfd, 0xfd, 0xff, 0xfa, 0x69, 0x70, 0xff, 
  0xfb, 0x2d, 0x38, 0xff, 0xfb, 0x39, 0x43, 0xff, 0xfb, 0x37, 0x41, 0xff, 0xfb, 0x37, 0x41, 0xff, 
  0xfb, 0x37, 0x41, 0xff, 0xfb, 0x37, 0x41, 0xff, 0xfb, 0x37, 0x41, 0xff, 0xfb, 0x37, 0x41, 0xff, 
  0xfb, 0x37, 0x41, 0xff, 0xfb, 0x37, 0x41, 0xff, 0xfb, 0x37, 0x41, 0xff, 0xfb, 0x39, 0x43, 0xff, 
  0xfb, 0x2e, 0x39, 0xff, 0xfa, 0x67, 0x6e, 0xff, 0xfe, 0xf8, 0xf8, 0xff, 0xfb, 0x5f, 0x67, 0xff, 
  0xfb, 0x2e, 0x39, 0xff, 0xfb, 0x39, 0x43, 0xff, 0xfb, 0x37, 0x41, 0xff, 0xfb, 0x38, 0x42, 0xff, 
  0xfb, 0x33, 0x3d, 0xff, 0xfa, 0x33, 0x3d, 0xff, 0xfb, 0x54, 0x5c, 0xff, 0xfb, 0x65, 0x6d, 0xff, 
  0xfc, 0x65, 0x6c, 0xff, 0xfb, 0x7c, 0x82, 0xff, 0xfd, 0xee, 0xef, 0xff, 0xfe, 0xb4, 0xb8, 0xff, 
  0xfb, 0x2c, 0x37, 0xff, 0xfb, 0x39, 0x43, 0xff, 0xfb, 0x37, 0x41, 0xff, 0xfb, 0x37, 0x41, 0xff, 
  0xfb, 0x37, 0x41, 0xff, 0xfb, 0x37, 0x41, 0xff, 0xfb, 0x37, 0x41, 0xff, 0xfb, 0x37, 0x41, 0xff, 
  0xfb, 0x37, 0x41, 0xff, 0xfb, 0x37, 0x41, 0xff, 0xfb, 0x39, 0x43, 0xff, 0xfb, 0x2d, 0x38, 0xff, 
  0xf9, 0x67, 0x6f, 0xff, 0xf6, 0xfd, 0xfd, 0xff, 0xf6, 0xf4, 0xf5, 0xff, 0xf6, 0xf6, 0xf6, 0xff, 
  0xf6, 0xf6, 0xf6, 0xff, 0xf6, 0xf3, 0xf3, 0xff, 0xf6, 0xff, 0xff, 0xff, 0xf9, 0x8c, 0x91, 0xff, 
  0xfb, 0x29, 0x34, 0xff, 0xfb, 0x3a, 0x44, 0xff, 0xfb, 0x37, 0x41, 0xff, 0xfb, 0x37, 0x41, 0xff, 
  0xfb, 0x37, 0x41, 0xff, 0xfb, 0x37, 0x41, 0xff, 0xfb, 0x37, 0x41, 0xff, 0xfb, 0x37, 0x41, 0xff, 
  0xfb, 0x38, 0x42, 0xff, 0xfb, 0x3a, 0x44, 0xff, 0xfb, 0x37, 0x41, 0xff, 0xfb, 0x39, 0x43, 0xff, 
  0xfb, 0x2c, 0x36, 0xff, 0xfb, 0x62, 0x6a, 0xff, 0xfe, 0xf8, 0xf9, 0xff, 0xfb, 0x5f, 0x67, 0xff, 
  0xfb, 0x2e, 0x39, 0xff, 0xfb, 0x39, 0x43, 0xff, 0xfb, 0x38, 0x42, 0xff, 0xfb, 0x33, 0x3e, 0xff, 
  0xfa, 0x48, 0x51, 0xff, 0xfb, 0xc1, 0xc3, 0xff, 0xfd, 0xed, 0xed, 0xff, 0xfe, 0xf2, 0xf2, 0xff, 
  0xff, 0xf3, 0xf3, 0xff, 0xff, 0xf3, 0xf4, 0xff, 0xff, 0xf8, 0xf8, 0xff, 0xfe, 0xb1, 0xb5, 0xff, 
  0xfb, 0x2d, 0x37, 0xff, 0xfb, 0x39, 0x43, 0xff, 0xfb, 0x37, 0x41, 0xff, 0xfb, 0x37, 0x41, 0xff, 
  0xfb, 0x37, 0x41, 0xff, 0xfb, 0x37, 0x41, 0xff, 0xfb, 0x37, 0x41, 0xff, 0xfb, 0x37, 0x41, 0xff, 
  0xfb, 0x37, 0x41, 0xff, 0xfb, 0x37, 0x41, 0xff, 0xfb, 0x3a, 0x44, 0xff, 0xfb, 0x29, 0x34, 0xff, 
  0xf8, 0x8a, 0x8f, 0xff, 0xf6, 0xff, 0xff, 0xff, 0xf6, 0xf3, 0xf3, 0xff, 0xf6, 0xf6, 0xf6, 0xff, 
  0xf6, 0xf6, 0xf6, 0xff, 0xf6, 0xf3, 0xf4, 0xff, 0xf6, 0xff, 0xff, 0xff, 0xf7, 0xb9, 0xbc, 0xff, 
  0xfa, 0x2c, 0x37, 0xff, 0xfb, 0x39, 0x43, 0xff, 0xfb, 0x37, 0x41, 0xff, 0xfb, 0x37, 0x41, 0xff, 
  0xfb, 0x37, 0x41, 0xff, 0xfb, 0x37, 0x41, 0xff, 0xfb, 0x37, 0x41, 0xff, 0xfb, 0x38, 0x42, 0xff, 
  0xfb, 0x32, 0x3c, 0xff, 0xfb, 0x2b, 0x36, 0xff, 0xfb, 0x34, 0x3f, 0xff, 0xfb, 0x3a, 0x44, 0xff, 
  0xfb, 0x30, 0x3a, 0xff, 0xfb, 0x86, 0x8c, 0xff, 0xfe, 0xfb, 0xfb, 0xff, 0xfa, 0x5f, 0x67, 0xff, 
  0xfb, 0x2e, 0x39, 0xff, 0xfb, 0x39, 0x43, 0xff, 0xfb, 0x3a, 0x44, 0xff, 0xfb, 0x2b, 0x35, 0xff, 
  0xfb, 0xa1, 0xa6, 0xff, 0xff, 0xff, 0xff, 0xff, 0xff, 0xe8, 0xea, 0xff, 0xff, 0xea, 0xeb, 0xff, 
  0xff, 0xe9, 0xea, 0xff, 0xff, 0xe7, 0xe8, 0xff, 0xff, 0xf5, 0xf5, 0xff, 0xfe, 0xb1, 0xb5, 0xff, 
  0xfb, 0x2d, 0x37, 0xff, 0xfb, 0x39, 0x43, 0xff, 0xfb, 0x37, 0x41, 0xff, 0xfb, 0x37, 0x41, 0xff, 
  0xfb, 0x37, 0x41, 0xff, 0xfb, 0x37, 0x41, 0xff, 0xfb, 0x37, 0x41, 0xff, 0xfb, 0x37, 0x41, 0xff, 
  0xfb, 0x37, 0x41, 0xff, 0xfb, 0x37, 0x41, 0xff, 0xfb, 0x39, 0x43, 0xff, 0xfb, 0x2c, 0x37, 0xff, 
  0xf7, 0xb7, 0xba, 0xff, 0xf6, 0xff, 0xff, 0xff, 0xf6, 0xf3, 0xf3, 0xff, 0xf6, 0xf6, 0xf6, 0xff, 
  0xf6, 0xf6, 0xf6, 0xff, 0xf6, 0xf5, 0xf5, 0xff, 0xf6, 0xfa, 0xfa, 0xff, 0xf6, 0xe6, 0xe7, 0xff, 
  0xfa, 0x42, 0x4b, 0xff, 0xfb, 0x34, 0x3e, 0xff, 0xfb, 0x38, 0x42, 0xff, 0xfb, 0x37, 0x41, 0xff, 
  0xfb, 0x37, 0x41, 0xff, 0xfb, 0x37, 0x41, 0xff, 0xfb, 0x38, 0x42, 0xff, 0xfb, 0x31, 0x3c, 0xff, 
  0xfb, 0x4f, 0x57, 0xff, 0xfc, 0xa8, 0xac, 0xff, 0xfd, 0xc9, 0xcc, 0xff, 0xfe, 0xcf, 0xd1, 0xff, 
  0xfd, 0xd2, 0xd4, 0xff, 0xfe, 0xe9, 0xea, 0xff, 0xff, 0xf2, 0xf2, 0xff, 0xfa, 0x61, 0x69, 0xff, 
  0xfb, 0x2e, 0x39, 0xff, 0xfb, 0x39, 0x43, 0xff, 0xfb, 0x39, 0x43, 0xff, 0xfb, 0x2e, 0x38, 0xff, 
  0xfe, 0xba, 0xbd, 0xff, 0xfe, 0xf1, 0xf2, 0xff, 0xfe, 0xe7, 0xe8, 0xff, 0xff, 0xea, 0xeb, 0xff, 
  0xff, 0xea, 0xeb, 0xff, 0xfe, 0xe7, 0xe8, 0xff, 0xff, 0xf5, 0xf5, 0xff, 0xfe, 0xb5, 0xb9, 0xff, 
  0xfa, 0x2c, 0x37, 0xff, 0xfb, 0x39, 0x43, 0xff, 0xfb, 0x37, 0x41, 0xff, 0xfb, 0x37, 0x41, 0xff, 
  0xfb, 0x37, 0x41, 0xff, 0xfb, 0x37, 0x41, 0xff, 0xfb, 0x37, 0x41, 0xff, 0xfb, 0x37, 0x41, 0xff, 
  0xfb, 0x37, 0x41, 0xff, 0xfb, 0x38, 0x42, 0xff, 0xfb, 0x35, 0x3f, 0xff, 0xfa, 0x41, 0x4a, 0xff, 
  0xf6, 0xe6, 0xe7, 0xff, 0xf6, 0xfa, 0xfa, 0xff, 0xf6, 0xf5, 0xf5, 0xff, 0xf6, 0xf6, 0xf6, 0xff, 
  0xf6, 0xf6, 0xf6, 0xff, 0xf6, 0xf6, 0xf6, 0xff, 0xf6, 0xf3, 0xf4, 0xff, 0xf6, 0xff, 0xff, 0xff, 
  0xf9, 0x77, 0x7d, 0xff, 0xfb, 0x2b, 0x36, 0xff, 0xfb, 0x3a, 0x44, 0xff, 0xfb, 0x37, 0x41, 0xff, 
  0xfb, 0x37, 0x41, 0xff, 0xfb, 0x38, 0x41, 0xff, 0xfb, 0x36, 0x40, 0xff, 0xfa, 0x3d, 0x46, 0xff, 
  0xfc, 0xd3, 0xd6, 0xff, 0xff, 0xfd, 0xfd, 0xff, 0xff, 0xf1, 0xf2, 0xff, 0xff, 0xf1, 0xf2, 0xff, 
  0xff, 0xf1, 0xf1, 0xff, 0xff, 0xeb, 0xeb, 0xff, 0xff, 0xf0, 0xf0, 0xff, 0xfa, 0x61, 0x69, 0xff, 
  0xfb, 0x2e, 0x39, 0xff, 0xfb, 0x39, 0x43, 0xff, 0xfb, 0x3a, 0x44, 0xff, 0xfa, 0x2b, 0x36, 0xff, 
  0xee, 0x90, 0x95, 0xff, 0xff, 0xff, 0xff, 0xff, 0xff, 0xee, 0xef, 0xff, 0xff, 0xec, 0xed, 0xff, 
  0xff, 0xec, 0xed, 0xff, 0xff, 0xf0, 0xf1, 0xff, 0xff, 0xfe, 0xfe, 0xff, 0xea, 0x7e, 0x83, 0xff, 
  0xfb, 0x2c, 0x37, 0xff, 0xfb, 0x39, 0x43, 0xff, 0xfb, 0x37, 0x41, 0xff, 0xfb, 0x37, 0x41, 0xff, 
  0xfb, 0x37, 0x41, 0xff, 0xfb, 0x37, 0x41, 0xff, 0xfb, 0x37, 0x41, 0xff, 0xfb, 0x37, 0x41, 0xff, 
  0xfb, 0x37, 0x41, 0xff, 0xfb, 0x3a, 0x44, 0xff, 0xfb, 0x2b, 0x36, 0xff, 0xf9, 0x75, 0x7c, 0xff, 
  0xf6, 0xff, 0xff, 0xff, 0xf6, 0xf4, 0xf4, 0xff, 0xf6, 0xf6, 0xf6, 0xff, 0xf6, 0xf6, 0xf6, 0xff, 
  0xf6, 0xf6, 0xf6, 0xff, 0xf6, 0xf6, 0xf6, 0xff, 0xf6, 0xf4, 0xf4, 0xff, 0xf6, 0xfe, 0xfe, 0xff, 
  0xf6, 0xc3, 0xc6, 0xff, 0xfb, 0x2e, 0x39, 0xff, 0xfb, 0x39, 0x43, 0xff, 0xfb, 0x37, 0x41, 0xff, 
  0xfb, 0x37, 0x41, 0xff, 0xfb, 0x39, 0x43, 0xff, 0xfb, 0x2f, 0x39, 0xff, 0xfc, 0x5d, 0x65, 0xff, 
  0xff, 0xf0, 0xf1, 0xff, 0xff, 0xe7, 0xe8, 0xff, 0xff, 0xea, 0xeb, 0xff, 0xff, 0xea, 0xeb, 0xff, 
  0xff, 0xea, 0xeb, 0xff, 0xff, 0xe8, 0xea, 0xff, 0xff, 0xf1, 0xf1, 0xff, 0xfb, 0x63, 0x6b, 0xff, 
  0xfb, 0x2e, 0x39, 0xff, 0xfb, 0x39, 0x43, 0xff, 0xfa, 0x37, 0x41, 0xff, 0xfe, 0x36, 0x40, 0xff, 
  0xe5, 0x36, 0x3f, 0xff, 0xdb, 0x99, 0x9c, 0xff, 0xf2, 0xda, 0xdb, 0xff, 0xf9, 0xe5, 0xe6, 0xff, 
  0xf8, 0xe4, 0xe5, 0xff, 0xed, 0xd1, 0xd3, 0xff, 0xd6, 0x7e, 0x82, 0xff, 0xe9, 0x2f, 0x38, 0xff, 
  0xfe, 0x38, 0x42, 0xff, 0xfa, 0x37, 0x41, 0xff, 0xfb, 0x37, 0x41, 0xff, 0xfb, 0x37, 0x41, 0xff, 
  0xfb, 0x37, 0x41, 0xff, 0xfb, 0x37, 0x41, 0xff, 0xfb, 0x37, 0x41, 0xff, 0xfb, 0x37, 0x41, 0xff, 
  0xfb, 0x37, 0x41, 0xff, 0xfb, 0x39, 0x43, 0xff, 0xfb, 0x2e, 0x38, 0xff, 0xf6, 0xc2, 0xc5, 0xff, 
  0xf6, 0xfe, 0xfe, 0xff, 0xf6, 0xf4, 0xf4, 0xff, 0xf6, 0xf6, 0xf6, 0xff, 0xf6, 0xf6, 0xf6, 0xff, 
  0xf6, 0xf6, 0xf6, 0xff, 0xf6, 0xf6, 0xf6, 0xff, 0xf6, 0xf6, 0xf6, 0xff, 0xf6, 0xf5, 0xf5, 0xff, 
  0xf5, 0xfa, 0xfa, 0xff, 0xf8, 0x63, 0x6a, 0xff, 0xfb, 0x2d, 0x38, 0xff, 0xfb, 0x39, 0x43, 0xff, 
  0xfb, 0x37, 0x41, 0xff, 0xfb, 0x38, 0x42, 0xff, 0xfc, 0x31, 0x3b, 0xff, 0xf7, 0x51, 0x5a, 0xff, 
  0xff, 0xf0, 0xf1, 0xff, 0xff, 0xec, 0xed, 0xff, 0xfe, 0xe7, 0xe9, 0xff, 0xfe, 0xe8, 0xe9, 0xff, 
  0xfe, 0xe7, 0xe8, 0xff, 0xff, 0xef, 0xf0, 0xff, 0xfc, 0xed, 0xee, 0xff, 0xf4, 0x4d, 0x55, 0xff, 
  0xfc, 0x32, 0x3c, 0xff, 0xfb, 0x38, 0x42, 0xff, 0xfb, 0x37, 0x41, 0xff, 0xfb, 0x38, 0x42, 0xff, 
  0xfd, 0x36, 0x40, 0xff, 0xe5, 0x27, 0x32, 0xff, 0xd3, 0x36, 0x3e, 0xff, 0xd1, 0x44, 0x4b, 0xff, 
  0xd1, 0x43, 0x4b, 0xff, 0xd5, 0x31, 0x39, 0xff, 0xec, 0x29, 0x33, 0xff, 0xfe, 0x38, 0x42, 0xff, 
  0xfb, 0x37, 0x41, 0xff, 0xfb, 0x37, 0x41, 0xff, 0xfb, 0x37, 0x41, 0xff, 0xfb, 0x37, 0x41, 0xff, 
  0xfb, 0x37, 0x41, 0xff, 0xfb, 0x37, 0x41, 0xff, 0xfb, 0x37, 0x41, 0xff, 0xfb, 0x37, 0x41, 0xff, 
  0xfb, 0x39, 0x43, 0xff, 0xfb, 0x2e, 0x38, 0xff, 0xf8, 0x61, 0x69, 0xff, 0xf6, 0xfa, 0xfa, 0xff, 
  0xf6, 0xf5, 0xf5, 0xff, 0xf6, 0xf6, 0xf6, 0xff, 0xf6, 0xf6, 0xf6, 0xff, 0xf6, 0xf6, 0xf6, 0xff, 
  0xf6, 0xf6, 0xf6, 0xff, 0xf6, 0xf6, 0xf6, 0xff, 0xf6, 0xf6, 0xf6, 0xff, 0xf6, 0xf4, 0xf4, 0xff, 
  0xf6, 0xfe, 0xfe, 0xff, 0xf6, 0xc5, 0xc8, 0xff, 0xfa, 0x2f, 0x39, 0xff, 0xfb, 0x39, 0x43, 0xff, 
  0xfb, 0x37, 0x41, 0xff, 0xfb, 0x37, 0x41, 0xff, 0xfd, 0x39, 0x43, 0xff, 0xf3, 0x2f, 0x39, 0xff, 
  0xdf, 0x96, 0x9a, 0xff, 0xfb, 0xf5, 0xf5, 0xff, 0xff, 0xf7, 0xf8, 0xff, 0xff, 0xf8, 0xf9, 0xff, 
  0xff, 0xf8, 0xf8, 0xff, 0xf7, 0xeb, 0xec, 0xff, 0xdb, 0x7d, 0x82, 0xff, 0xf4, 0x2e, 0x38, 0xff, 
  0xfd, 0x39, 0x43, 0xff, 0xfb, 0x37, 0x41, 0xff, 0xfb, 0x37, 0x41, 0xff, 0xfb, 0x37, 0x41, 0xff, 
  0xfb, 0x38, 0x42, 0xff, 0xff, 0x3a, 0x44, 0xff, 0xff, 0x36, 0x40, 0xff, 0xfc, 0x32, 0x3c, 0xff, 
  0xfc, 0x32, 0x3d, 0xff, 0xff, 0x37, 0x41, 0xff, 0xfe, 0x3a, 0x44, 0xff, 0xfa, 0x37, 0x41, 0xff, 
  0xfb, 0x37, 0x41, 0xff, 0xfb, 0x37, 0x41, 0xff, 0xfb, 0x37, 0x41, 0xff, 0xfb, 0x37, 0x41, 0xff, 
  0xfb, 0x37, 0x41, 0xff, 0xfb, 0x37, 0x41, 0xff, 0xfb, 0x37, 0x41, 0xff, 0xfb, 0x37, 0x41, 0xff, 
  0xfb, 0x39, 0x43, 0xff, 0xfa, 0x2e, 0x39, 0xff, 0xf7, 0xc4, 0xc7, 0xff, 0xf6, 0xfe, 0xfe, 0xff, 
  0xf6, 0xf4, 0xf4, 0xff, 0xf6, 0xf6, 0xf6, 0xff, 0xf6, 0xf6, 0xf6, 0xff, 0xf6, 0xf6, 0xf6, 0xff, 
  0xf6, 0xf6, 0xf6, 0xff, 0xf6, 0xf6, 0xf6, 0xff, 0xf6, 0xf6, 0xf6, 0xff, 0xf6, 0xf6, 0xf6, 0xff, 
  0xf6, 0xf4, 0xf4, 0xff, 0xf6, 0xff, 0xff, 0xff, 0xf8, 0x7e, 0x84, 0xff, 0xfb, 0x29, 0x34, 0xff, 
  0xfb, 0x3b, 0x45, 0xff, 0xfb, 0x37, 0x41, 0xff, 0xfa, 0x37, 0x41, 0xff, 0xfd, 0x37, 0x41, 0xff, 
  0xe5, 0x2c, 0x36, 0xff, 0xcf, 0x53, 0x5a, 0xff, 0xd5, 0x79, 0x7e, 0xff, 0xd6, 0x7e, 0x83, 0xff, 
  0xd4, 0x74, 0x79, 0xff, 0xd0, 0x46, 0x4d, 0xff, 0xec, 0x2b, 0x35, 0xff, 0xfd, 0x38, 0x42, 0xff, 
  0xfa, 0x37, 0x41, 0xff, 0xfb, 0x37, 0x41, 0xff, 0xfb, 0x37, 0x41, 0xff, 0xfb, 0x37, 0x41, 0xff, 
  0xfb, 0x37, 0x41, 0xff, 0xfa, 0x37, 0x41, 0xff, 0xfa, 0x37, 0x41, 0xff, 0xfb, 0x38, 0x42, 0xff, 
  0xfb, 0x38, 0x42, 0xff, 0xfa, 0x37, 0x41, 0xff, 0xfa, 0x37, 0x41, 0xff, 0xfb, 0x37, 0x41, 0xff, 
  0xfb, 0x37, 0x41, 0xff, 0xfb, 0x37, 0x41, 0xff, 0xfb, 0x37, 0x41, 0xff, 0xfb, 0x37, 0x41, 0xff, 
  0xfb, 0x37, 0x41, 0xff, 0xfb, 0x37, 0x41, 0xff, 0xfb, 0x37, 0x41, 0xff, 0xfb, 0x3b, 0x45, 0xff, 
  0xfb, 0x29, 0x34, 0xff, 0xf8, 0x7d, 0x83, 0xff, 0xf6, 0xff, 0xff, 0xff, 0xf6, 0xf4, 0xf4, 0xff, 
  0xf6, 0xf6, 0xf6, 0xff, 0xf6, 0xf6, 0xf6, 0xff, 0xf6, 0xf6, 0xf6, 0xff, 0xf6, 0xf6, 0xf6, 0xff, 
  0xf6, 0xf6, 0xf6, 0xff, 0xf6, 0xf6, 0xf6, 0xff, 0xf6, 0xf6, 0xf6, 0xff, 0xf6, 0xf6, 0xf6, 0xff, 
  0xf6, 0xf5, 0xf5, 0xff, 0xf6, 0xf8, 0xf8, 0xff, 0xf6, 0xed, 0xee, 0xff, 0xf9, 0x4d, 0x56, 0xff, 
  0xfb, 0x30, 0x3a, 0xff, 0xfb, 0x3a, 0x44, 0xff, 0xfb, 0x37, 0x41, 0xff, 0xfb, 0x37, 0x41, 0xff, 
  0xff, 0x39, 0x43, 0xff, 0xf9, 0x2f, 0x39, 0xff, 0xee, 0x28, 0x32, 0xff, 0xec, 0x27, 0x31, 0xff, 
  0xf0, 0x28, 0x33, 0xff, 0xfc, 0x32, 0x3c, 0xff, 0xfe, 0x3a, 0x44, 0xff, 0xfa, 0x37, 0x41, 0xff, 
  0xfb, 0x37, 0x41, 0xff, 0xfb, 0x37, 0x41, 0xff, 0xfb, 0x37, 0x41, 0xff, 0xfb, 0x37, 0x41, 0xff, 
  0xfb, 0x37, 0x41, 0xff, 0xfb, 0x37, 0x41, 0xff, 0xfb, 0x37, 0x41, 0xff, 0xfb, 0x37, 0x41, 0xff, 
  0xfb, 0x37, 0x41, 0xff, 0xfb, 0x37, 0x41, 0xff, 0xfb, 0x37, 0x41, 0xff, 0xfb, 0x37, 0x41, 0xff, 
  0xfb, 0x37, 0x41, 0xff, 0xfb, 0x37, 0x41, 0xff, 0xfb, 0x37, 0x41, 0xff, 0xfb, 0x37, 0x41, 0xff, 
  0xfb, 0x37, 0x41, 0xff, 0xfb, 0x37, 0x41, 0xff, 0xfb, 0x3a, 0x44, 0xff, 0xfb, 0x30, 0x3a, 0xff, 
  0xf9, 0x4c, 0x55, 0xff, 0xf6, 0xed, 0xed, 0xff, 0xf6, 0xf8, 0xf8, 0xff, 0xf6, 0xf5, 0xf5, 0xff, 
  0xf6, 0xf6, 0xf6, 0xff, 0xf6, 0xf6, 0xf6, 0xff, 0xf6, 0xf6, 0xf6, 0xff, 0xf6, 0xf6, 0xf6, 0xff, 
  0xf6, 0xf6, 0xf6, 0xff, 0xf6, 0xf6, 0xf6, 0xff, 0xf6, 0xf6, 0xf6, 0xff, 0xf6, 0xf6, 0xf6, 0xff, 
  0xf6, 0xf6, 0xf6, 0xff, 0xf6, 0xf4, 0xf4, 0xff, 0xf6, 0xfe, 0xfe, 0xff, 0xf6, 0xd1, 0xd3, 0xff, 
  0xfa, 0x37, 0x41, 0xff, 0xfb, 0x34, 0x3e, 0xff, 0xfb, 0x39, 0x43, 0xff, 0xfb, 0x37, 0x41, 0xff, 
  0xfa, 0x37, 0x41, 0xff, 0xfc, 0x39, 0x43, 0xff, 0xfe, 0x3a, 0x44, 0xff, 0xfe, 0x3b, 0x45, 0xff, 
  0xfe, 0x3a, 0x44, 0xff, 0xfb, 0x38, 0x42, 0xff, 0xfa, 0x37, 0x41, 0xff, 0xfb, 0x37, 0x41, 0xff, 
  0xfb, 0x37, 0x41, 0xff, 0xfb, 0x37, 0x41, 0xff, 0xfb, 0x37, 0x41, 0xff, 0xfb, 0x37, 0x41, 0xff, 
  0xfb, 0x37, 0x41, 0xff, 0xfb, 0x37, 0x41, 0xff, 0xfb, 0x37, 0x41, 0xff, 0xfb, 0x37, 0x41, 0xff, 
  0xfb, 0x37, 0x41, 0xff, 0xfb, 0x37, 0x41, 0xff, 0xfb, 0x37, 0x41, 0xff, 0xfb, 0x37, 0x41, 0xff, 
  0xfb, 0x37, 0x41, 0xff, 0xfb, 0x37, 0x41, 0xff, 0xfb, 0x37, 0x41, 0xff, 0xfb, 0x37, 0x41, 0xff, 
  0xfb, 0x37, 0x41, 0xff, 0xfb, 0x39, 0x43, 0xff, 0xfb, 0x34, 0x3e, 0xff, 0xfa, 0x36, 0x40, 0xff, 
  0xf6, 0xd0, 0xd2, 0xff, 0xf6, 0xfe, 0xfe, 0xff, 0xf6, 0xf3, 0xf4, 0xff, 0xf6, 0xf6, 0xf6, 0xff, 
  0xf6, 0xf6, 0xf6, 0xff, 0xf6, 0xf6, 0xf6, 0xff, 0xf6, 0xf6, 0xf6, 0xff, 0xf6, 0xf6, 0xf6, 0xff, 
  0xf6, 0xf6, 0xf6, 0xff, 0xf6, 0xf6, 0xf6, 0xff, 0xf6, 0xf6, 0xf6, 0xff, 0xf6, 0xf6, 0xf6, 0xff, 
  0xf6, 0xf6, 0xf6, 0xff, 0xf6, 0xf6, 0xf6, 0xff, 0xf6, 0xf3, 0xf3, 0xff, 0xf6, 0xff, 0xff, 0xff, 
  0xf6, 0xbf, 0xc1, 0xff, 0xf9, 0x32, 0x3c, 0xff, 0xfb, 0x34, 0x3e, 0xff, 0xfb, 0x3a, 0x44, 0xff, 
  0xfb, 0x37, 0x41, 0xff, 0xfb, 0x37, 0x41, 0xff, 0xfb, 0x37, 0x41, 0xff, 0xfa, 0x37, 0x41, 0xff, 
  0xfb, 0x37, 0x41, 0xff, 0xfb, 0x37, 0x41, 0xff, 0xfb, 0x37, 0x41, 0xff, 0xfb, 0x37, 0x41, 0xff, 
  0xfb, 0x37, 0x41, 0xff, 0xfb, 0x37, 0x41, 0xff, 0xfb, 0x37, 0x41, 0xff, 0xfb, 0x37, 0x41, 0xff, 
  0xfb, 0x37, 0x41, 0xff, 0xfb, 0x37, 0x41, 0xff, 0xfb, 0x37, 0x41, 0xff, 0xfb, 0x37, 0x41, 0xff, 
  0xfb, 0x37, 0x41, 0xff, 0xfb, 0x37, 0x41, 0xff, 0xfb, 0x37, 0x41, 0xff, 0xfb, 0x37, 0x41, 0xff, 
  0xfb, 0x37, 0x41, 0xff, 0xfb, 0x37, 0x41, 0xff, 0xfb, 0x37, 0x41, 0xff, 0xfb, 0x37, 0x41, 0xff, 
  0xfb, 0x3a, 0x44, 0xff, 0xfb, 0x34, 0x3e, 0xff, 0xfa, 0x31, 0x3b, 0xff, 0xf6, 0xbe, 0xc0, 0xff, 
  0xf6, 0xff, 0xff, 0xff, 0xf6, 0xf3, 0xf3, 0xff, 0xf6, 0xf6, 0xf6, 0xff, 0xf6, 0xf6, 0xf6, 0xff, 
  0xf6, 0xf6, 0xf6, 0xff, 0xf6, 0xf6, 0xf6, 0xff, 0xf6, 0xf6, 0xf6, 0xff, 0xf6, 0xf6, 0xf6, 0xff, 
  0xf6, 0xf6, 0xf6, 0xff, 0xf6, 0xf6, 0xf6, 0xff, 0xf6, 0xf6, 0xf6, 0xff, 0xf6, 0xf6, 0xf6, 0xff, 
  0xf6, 0xf6, 0xf6, 0xff, 0xf6, 0xf6, 0xf6, 0xff, 0xf6, 0xf6, 0xf6, 0xff, 0xf6, 0xf3, 0xf3, 0xff, 
  0xf6, 0xff, 0xff, 0xff, 0xf6, 0xbe, 0xc1, 0xff, 0xfa, 0x37, 0x41, 0xff, 0xfb, 0x30, 0x3a, 0xff, 
  0xfb, 0x3b, 0x45, 0xff, 0xfb, 0x37, 0x41, 0xff, 0xfb, 0x37, 0x41, 0xff, 0xfb, 0x37, 0x41, 0xff, 
  0xfb, 0x37, 0x41, 0xff, 0xfb, 0x37, 0x41, 0xff, 0xfb, 0x37, 0x41, 0xff, 0xfb, 0x37, 0x41, 0xff, 
  0xfb, 0x37, 0x41, 0xff, 0xfb, 0x37, 0x41, 0xff, 0xfb, 0x37, 0x41, 0xff, 0xfb, 0x37, 0x41, 0xff, 
  0xfb, 0x37, 0x41, 0xff, 0xfb, 0x37, 0x41, 0xff, 0xfb, 0x37, 0x41, 0xff, 0xfb, 0x37, 0x41, 0xff, 
  0xfb, 0x37, 0x41, 0xff, 0xfb, 0x37, 0x41, 0xff, 0xfb, 0x37, 0x41, 0xff, 0xfb, 0x37, 0x41, 0xff, 
  0xfb, 0x37, 0x41, 0xff, 0xfb, 0x37, 0x41, 0xff, 0xfb, 0x37, 0x41, 0xff, 0xfb, 0x3b, 0x45, 0xff, 
  0xfb, 0x30, 0x3b, 0xff, 0xfa, 0x37, 0x41, 0xff, 0xf7, 0xbe, 0xc0, 0xff, 0xf6, 0xff, 0xff, 0xff, 
  0xf6, 0xf3, 0xf3, 0xff, 0xf6, 0xf6, 0xf6, 0xff, 0xf6, 0xf6, 0xf6, 0xff, 0xf6, 0xf6, 0xf6, 0xff, 
  0xf6, 0xf6, 0xf6, 0xff, 0xf6, 0xf6, 0xf6, 0xff, 0xf6, 0xf6, 0xf6, 0xff, 0xf6, 0xf6, 0xf6, 0xff, 
  0xf6, 0xf6, 0xf6, 0xff, 0xf6, 0xf6, 0xf6, 0xff, 0xf6, 0xf6, 0xf6, 0xff, 0xf6, 0xf6, 0xf6, 0xff, 
  0xf6, 0xf6, 0xf6, 0xff, 0xf6, 0xf6, 0xf6, 0xff, 0xf6, 0xf6, 0xf6, 0xff, 0xf6, 0xf6, 0xf6, 0xff, 
  0xf6, 0xf3, 0xf3, 0xff, 0xf6, 0xff, 0xff, 0xff, 0xf6, 0xd1, 0xd3, 0xff, 0xf9, 0x4d, 0x55, 0xff, 
  0xfb, 0x29, 0x34, 0xff, 0xfb, 0x39, 0x43, 0xff, 0xfb, 0x39, 0x43, 0xff, 0xfb, 0x37, 0x41, 0xff, 
  0xfb, 0x37, 0x41, 0xff, 0xfb, 0x37, 0x41, 0xff, 0xfb, 0x37, 0x41, 0xff, 0xfb, 0x37, 0x41, 0xff, 
  0xfb, 0x37, 0x41, 0xff, 0xfb, 0x37, 0x41, 0xff, 0xfb, 0x37, 0x41, 0xff, 0xfb, 0x37, 0x41, 0xff, 
  0xfb, 0x37, 0x41, 0xff, 0xfb, 0x37, 0x41, 0xff, 0xfb, 0x37, 0x41, 0xff, 0xfb, 0x37, 0x41, 0xff, 
  0xfb, 0x37, 0x41, 0xff, 0xfb, 0x37, 0x41, 0xff, 0xfb, 0x37, 0x41, 0xff, 0xfb, 0x37, 0x41, 0xff, 
  0xfb, 0x37, 0x41, 0xff, 0xfb, 0x39, 0x43, 0xff, 0xfb, 0x39, 0x43, 0xff, 0xfb, 0x29, 0x34, 0xff, 
  0xf9, 0x4c, 0x55, 0xff, 0xf6, 0xd0, 0xd2, 0xff, 0xf6, 0xff, 0xff, 0xff, 0xf6, 0xf3, 0xf3, 0xff, 
  0xf6, 0xf6, 0xf6, 0xff, 0xf6, 0xf6, 0xf6, 0xff, 0xf6, 0xf6, 0xf6, 0xff, 0xf6, 0xf6, 0xf6, 0xff, 
  0xf6, 0xf6, 0xf6, 0xff, 0xf6, 0xf6, 0xf6, 0xff, 0xf6, 0xf6, 0xf6, 0xff, 0xf6, 0xf6, 0xf6, 0xff, 
  0xf6, 0xf6, 0xf6, 0xff, 0xf6, 0xf6, 0xf6, 0xff, 0xf6, 0xf6, 0xf6, 0xff, 0xf6, 0xf6, 0xf6, 0xff, 
  0xf6, 0xf6, 0xf6, 0xff, 0xf6, 0xf6, 0xf6, 0xff, 0xf6, 0xf6, 0xf6, 0xff, 0xf6, 0xf6, 0xf6, 0xff, 
  0xf6, 0xf6, 0xf6, 0xff, 0xf6, 0xf3, 0xf3, 0xff, 0xf6, 0xff, 0xfe, 0xff, 0xf6, 0xed, 0xed, 0xff, 
  0xf8, 0x7d, 0x83, 0xff, 0xfb, 0x2f, 0x39, 0xff, 0xfb, 0x2e, 0x38, 0xff, 0xfb, 0x39, 0x43, 0xff, 
  0xfb, 0x3a, 0x44, 0xff, 0xfb, 0x38, 0x42, 0xff, 0xfb, 0x37, 0x41, 0xff, 0xfb, 0x37, 0x41, 0xff, 
  0xfb, 0x37, 0x41, 0xff, 0xfb, 0x37, 0x41, 0xff, 0xfb, 0x37, 0x41, 0xff, 0xfb, 0x37, 0x41, 0xff, 
  0xfb, 0x37, 0x41, 0xff, 0xfb, 0x37, 0x41, 0xff, 0xfb, 0x37, 0x41, 0xff, 0xfa, 0x37, 0x41, 0xff, 
  0xfa, 0x38, 0x42, 0xff, 0xf8, 0x3a, 0x44, 0xff, 0xfa, 0x3a, 0x43, 0xff, 0xfb, 0x39, 0x43, 0xff, 
  0xfb, 0x39, 0x43, 0xff, 0xfb, 0x2e, 0x38, 0xff, 0xfa, 0x2e, 0x39, 0xff, 0xf8, 0x7c, 0x83, 0xff, 
  0xf6, 0xec, 0xed, 0xff, 0xf6, 0xff, 0xff, 0xff, 0xf6, 0xf3, 0xf3, 0xff, 0xf6, 0xf6, 0xf6, 0xff, 
  0xf6, 0xf6, 0xf6, 0xff, 0xf6, 0xf6, 0xf6, 0xff, 0xf6, 0xf6, 0xf6, 0xff, 0xf6, 0xf6, 0xf6, 0xff, 
  0xf6, 0xf6, 0xf6, 0xff, 0xf6, 0xf6, 0xf6, 0xff, 0xf6, 0xf6, 0xf6, 0xff, 0xf6, 0xf6, 0xf6, 0xff, 
  0xf6, 0xf6, 0xf6, 0xff, 0xf6, 0xf6, 0xf6, 0xff, 0xf6, 0xf6, 0xf6, 0xff, 0xf6, 0xf6, 0xf6, 0xff, 
  0xf6, 0xf6, 0xf6, 0xff, 0xf6, 0xf6, 0xf6, 0xff, 0xf6, 0xf6, 0xf6, 0xff, 0xf6, 0xf6, 0xf6, 0xff, 
  0xf6, 0xf6, 0xf6, 0xff, 0xf6, 0xf6, 0xf6, 0xff, 0xf6, 0xf3, 0xf4, 0xff, 0xf6, 0xf9, 0xf9, 0xff, 
  0xf6, 0xff, 0xff, 0xff, 0xf7, 0xc4, 0xc6, 0xff, 0xf8, 0x62, 0x6a, 0xff, 0xfb, 0x2e, 0x39, 0xff, 
  0xfb, 0x2b, 0x36, 0xff, 0xfb, 0x35, 0x3f, 0xff, 0xfb, 0x39, 0x43, 0xff, 0xfb, 0x3a, 0x44, 0xff, 
  0xfb, 0x39, 0x43, 0xff, 0xfb, 0x38, 0x42, 0xff, 0xfb, 0x38, 0x42, 0xff, 0xfb, 0x38, 0x41, 0xff, 
  0xfa, 0x39, 0x43, 0xff, 0xf8, 0x3a, 0x43, 0xff, 0xf7, 0x3d, 0x46, 0xff, 0xf8, 0x3e, 0x47, 0xff, 
  0xf6, 0x41, 0x4a, 0xff, 0xf5, 0x42, 0x4b, 0xff, 0xf8, 0x39, 0x42, 0xff, 0xfb, 0x2b, 0x35, 0xff, 
  0xfb, 0x2e, 0x39, 0xff, 0xf8, 0x61, 0x69, 0xff, 0xf6, 0xc3, 0xc6, 0xff, 0xf6, 0xff, 0xff, 0xff, 
  0xf6, 0xf9, 0xf9, 0xff, 0xf6, 0xf3, 0xf4, 0xff, 0xf6, 0xf6, 0xf6, 0xff, 0xf6, 0xf6, 0xf6, 0xff, 
  0xf6, 0xf6, 0xf6, 0xff, 0xf6, 0xf6, 0xf6, 0xff, 0xf6, 0xf6, 0xf6, 0xff, 0xf6, 0xf6, 0xf6, 0xff, 
  0xf6, 0xf6, 0xf6, 0xff, 0xf6, 0xf6, 0xf6, 0xff, 0xf6, 0xf6, 0xf6, 0xff, 0xf6, 0xf6, 0xf6, 0xff, 
  0xf6, 0xf6, 0xf6, 0xff, 0xf6, 0xf6, 0xf6, 0xff, 0xf6, 0xf6, 0xf6, 0xff, 0xf6, 0xf6, 0xf6, 0xff, 
  0xf6, 0xf6, 0xf6, 0xff, 0xf6, 0xf6, 0xf6, 0xff, 0xf6, 0xf6, 0xf6, 0xff, 0xf6, 0xf6, 0xf6, 0xff, 
  0xf6, 0xf6, 0xf6, 0xff, 0xf6, 0xf6, 0xf6, 0xff, 0xf6, 0xf6, 0xf6, 0xff, 0xf6, 0xf5, 0xf5, 0xff, 
  0xf6, 0xf4, 0xf4, 0xff, 0xf6, 0xff, 0xff, 0xff, 0xf6, 0xfb, 0xfb, 0xff, 0xf6, 0xc1, 0xc4, 0xff, 
  0xf9, 0x75, 0x7c, 0xff, 0xfb, 0x41, 0x4b, 0xff, 0xfb, 0x2d, 0x37, 0xff, 0xfb, 0x2b, 0x35, 0xff, 
  0xfa, 0x2e, 0x39, 0xff, 0xf9, 0x33, 0x3d, 0xff, 0xf8, 0x38, 0x42, 0xff, 0xfb, 0x34, 0x3e, 0xff, 
  0xf8, 0x3b, 0x45, 0xff, 0xf8, 0x36, 0x40, 0xff, 0xf7, 0x37, 0x40, 0xff, 0xf8, 0x32, 0x3c, 0xff, 
  0xf8, 0x2c, 0x36, 0xff, 0xf8, 0x2e, 0x38, 0xff, 0xf9, 0x41, 0x4a, 0xff, 0xf9, 0x75, 0x7b, 0xff, 
  0xf7, 0xc1, 0xc4, 0xff, 0xf6, 0xfb, 0xfa, 0xff, 0xf6, 0xff, 0xff, 0xff, 0xf6, 0xf4, 0xf4, 0xff, 
  0xf6, 0xf5, 0xf5, 0xff, 0xf6, 0xf6, 0xf6, 0xff, 0xf6, 0xf6, 0xf6, 0xff, 0xf6, 0xf6, 0xf6, 0xff, 
  0xf6, 0xf6, 0xf6, 0xff, 0xf6, 0xf6, 0xf6, 0xff, 0xf6, 0xf6, 0xf6, 0xff, 0xf6, 0xf6, 0xf6, 0xff, 
  0xf6, 0xf6, 0xf6, 0xff, 0xf6, 0xf6, 0xf6, 0xff, 0xf6, 0xf6, 0xf6, 0xff, 0xf6, 0xf6, 0xf6, 0xff, 
  0xf6, 0xf6, 0xf6, 0xff, 0xf6, 0xf6, 0xf6, 0xff, 0xf6, 0xf6, 0xf6, 0xff, 0xf6, 0xf6, 0xf6, 0xff, 
  0xf6, 0xf6, 0xf6, 0xff, 0xf6, 0xf6, 0xf6, 0xff, 0xf6, 0xf6, 0xf6, 0xff, 0xf6, 0xf6, 0xf6, 0xff, 
  0xf6, 0xf6, 0xf6, 0xff, 0xf6, 0xf6, 0xf6, 0xff, 0xf6, 0xf6, 0xf6, 0xff, 0xf6, 0xf6, 0xf6, 0xff, 
  0xf6, 0xf6, 0xf6, 0xff, 0xf6, 0xf4, 0xf4, 0xff, 0xf6, 0xf5, 0xf6, 0xff, 0xf6, 0xff, 0xff, 0xff, 
  0xf5, 0xff, 0xff, 0xff, 0xf4, 0xe3, 0xe4, 0xff, 0xf4, 0xb4, 0xb7, 0xff, 0xf4, 0x8b, 0x90, 0xff, 
  0xf5, 0x68, 0x6f, 0xff, 0xf6, 0x54, 0x5c, 0xff, 0xf7, 0x47, 0x50, 0xff, 0xf8, 0x3e, 0x47, 0xff, 
  0xf8, 0x41, 0x49, 0xff, 0xf8, 0x46, 0x4f, 0xff, 0xf9, 0x50, 0x59, 0xff, 0xf9, 0x66, 0x6e, 0xff, 
  0xf9, 0x88, 0x8d, 0xff, 0xf7, 0xb6, 0xb9, 0xff, 0xf6, 0xe5, 0xe6, 0xff, 0xf6, 0xff, 0xff, 0xff, 
  0xf6, 0xff, 0xff, 0xff, 0xf6, 0xf5, 0xf5, 0xff, 0xf6, 0xf4, 0xf4, 0xff, 0xf6, 0xf6, 0xf6, 0xff, 
  0xf6, 0xf6, 0xf6, 0xff, 0xf6, 0xf6, 0xf6, 0xff, 0xf6, 0xf6, 0xf6, 0xff, 0xf6, 0xf6, 0xf6, 0xff, 
  0xf6, 0xf6, 0xf6, 0xff, 0xf6, 0xf6, 0xf6, 0xff, 0xf6, 0xf6, 0xf6, 0xff, 0xf6, 0xf6, 0xf6, 0xff, 
  0xf6, 0xf6, 0xf6, 0xff, 0xf6, 0xf6, 0xf6, 0xff, 0xf6, 0xf6, 0xf6, 0xff, 0xf6, 0xf6, 0xf6, 0xff, 
  0xf6, 0xf6, 0xf6, 0xff, 0xf6, 0xf6, 0xf6, 0xff, 0xf6, 0xf6, 0xf6, 0xff, 0xf6, 0xf6, 0xf6, 0xff, 
  0xf6, 0xf6, 0xf6, 0xff, 0xf6, 0xf6, 0xf6, 0xff, 0xf6, 0xf6, 0xf6, 0xff, 0xf6, 0xf6, 0xf6, 0xff, 
  0xf6, 0xf6, 0xf6, 0xff, 0xf6, 0xf6, 0xf6, 0xff, 0xf6, 0xf6, 0xf6, 0xff, 0xf5, 0xf5, 0xf5, 0xff, 
  0xf5, 0xf5, 0xf5, 0xff, 0xf6, 0xf6, 0xf6, 0xff, 0xf3, 0xf2, 0xf2, 0xff, 0xf2, 0xf0, 0xf0, 0xff, 
  0xf3, 0xf0, 0xf0, 0xff, 0xf2, 0xf6, 0xf6, 0xff, 0xf0, 0xfc, 0xfc, 0xff, 0xf2, 0xff, 0xfe, 0xff, 
  0xf4, 0xfa, 0xfa, 0xff, 0xf4, 0xf0, 0xf0, 0xff, 0xf4, 0xe7, 0xe8, 0xff, 0xf5, 0xe1, 0xe2, 0xff, 
  0xf7, 0xe1, 0xe1, 0xff, 0xf6, 0xe7, 0xe8, 0xff, 0xf6, 0xf2, 0xf2, 0xff, 0xf6, 0xfd, 0xfc, 0xff, 
  0xf6, 0xff, 0xff, 0xff, 0xf6, 0xff, 0xff, 0xff, 0xf6, 0xfa, 0xfa, 0xff, 0xf6, 0xf4, 0xf4, 0xff, 
  0xf6, 0xf4, 0xf4, 0xff, 0xf6, 0xf6, 0xf6, 0xff, 0xf6, 0xf6, 0xf6, 0xff, 0xf6, 0xf6, 0xf6, 0xff, 
  0xf6, 0xf6, 0xf6, 0xff, 0xf6, 0xf6, 0xf6, 0xff, 0xf6, 0xf6, 0xf6, 0xff, 0xf6, 0xf6, 0xf6, 0xff, 
  0xf6, 0xf6, 0xf6, 0xff, 0xf6, 0xf6, 0xf6, 0xff, 0xf6, 0xf6, 0xf6, 0xff, 0xf6, 0xf6, 0xf6, 0xff, 
  0xf6, 0xf6, 0xf6, 0xff, 0xf6, 0xf6, 0xf6, 0xff, 0xf6, 0xf6, 0xf6, 0xff, 0xf6, 0xf6, 0xf6, 0xff, 
  0xf6, 0xf6, 0xf6, 0xff, 0xf6, 0xf6, 0xf6, 0xff, 0xf6, 0xf6, 0xf6, 0xff, 0xf6, 0xf6, 0xf6, 0xff, 
  0xf6, 0xf6, 0xf6, 0xff, 0xf6, 0xf6, 0xf6, 0xff, 0xf6, 0xf6, 0xf6, 0xff, 0xf6, 0xf6, 0xf6, 0xff, 
  0xf4, 0xf4, 0xf4, 0xff, 0xf3, 0xf3, 0xf3, 0xff, 0xf2, 0xf2, 0xf2, 0xff, 0xee, 0xee, 0xee, 0xff, 
  0xf1, 0xf1, 0xf1, 0xff, 0xf6, 0xf6, 0xf6, 0xff, 0xf0, 0xf0, 0xf0, 0xff, 0xf3, 0xf3, 0xf3, 0xff, 
  0xf3, 0xf3, 0xf3, 0xff, 0xf4, 0xf3, 0xf3, 0xff, 0xf4, 0xf1, 0xf1, 0xff, 0xf5, 0xf2, 0xf3, 0xff, 
  0xf6, 0xf5, 0xf5, 0xff, 0xf6, 0xf7, 0xf7, 0xff, 0xf6, 0xfa, 0xf9, 0xff, 0xf6, 0xfb, 0xfb, 0xff, 
  0xf6, 0xfb, 0xfb, 0xff, 0xf6, 0xfa, 0xf9, 0xff, 0xf6, 0xf7, 0xf7, 0xff, 0xf6, 0xf5, 0xf5, 0xff, 
  0xf6, 0xf3, 0xf3, 0xff, 0xf6, 0xf3, 0xf4, 0xff, 0xf6, 0xf5, 0xf5, 0xff, 0xf6, 0xf6, 0xf6, 0xff, 
  0xf6, 0xf6, 0xf6, 0xff, 0xf6, 0xf6, 0xf6, 0xff, 0xf6, 0xf6, 0xf6, 0xff, 0xf6, 0xf6, 0xf6, 0xff, 
  0xf6, 0xf6, 0xf6, 0xff, 0xf6, 0xf6, 0xf6, 0xff, 0xf6, 0xf6, 0xf6, 0xff, 0xf6, 0xf6, 0xf6, 0xff, 
  0xf6, 0xf6, 0xf6, 0xff, 0xf6, 0xf6, 0xf6, 0xff, 0xf6, 0xf6, 0xf6, 0xff, 0xf6, 0xf6, 0xf6, 0xff, 
  0xf4, 0xf4, 0xf4, 0xff, 0xf3, 0xf3, 0xf3, 0xff, 0xf3, 0xf3, 0xf3, 0xff, 0xef, 0xef, 0xef, 0xff, 
  0xf6, 0xf6, 0xf6, 0xff, 0xf6, 0xf6, 0xf6, 0xff, 0xf6, 0xf6, 0xf6, 0xff, 0xf6, 0xf6, 0xf6, 0xff, 
  0xf6, 0xf6, 0xf6, 0xff, 0xf4, 0xf4, 0xf4, 0xff, 0xf2, 0xf2, 0xf2, 0xff, 0xf2, 0xf2, 0xf2, 0xff, 
  0xef, 0xef, 0xef, 0xff, 0xf0, 0xf0, 0xf0, 0xff, 0xf1, 0xf1, 0xf1, 0xff, 0xef, 0xef, 0xef, 0xff, 
  0xf0, 0xf0, 0xf0, 0xff, 0xf5, 0xf5, 0xf5, 0xff, 0xf4, 0xf4, 0xf4, 0xff, 0xf5, 0xf5, 0xf5, 0xff, 
  0xf6, 0xf6, 0xf6, 0xff, 0xf6, 0xf6, 0xf6, 0xff, 0xf6, 0xf6, 0xf6, 0xff, 0xf6, 0xf6, 0xf6, 0xff, 
  0xf6, 0xf6, 0xf6, 0xff, 0xf6, 0xf5, 0xf5, 0xff, 0xf6, 0xf5, 0xf5, 0xff, 0xf6, 0xf5, 0xf5, 0xff, 
  0xf6, 0xf5, 0xf5, 0xff, 0xf6, 0xf5, 0xf5, 0xff, 0xf6, 0xf5, 0xf5, 0xff, 0xf6, 0xf6, 0xf6, 0xff, 
  0xf6, 0xf6, 0xf6, 0xff, 0xf6, 0xf6, 0xf6, 0xff, 0xf6, 0xf6, 0xf6, 0xff, 0xf6, 0xf6, 0xf6, 0xff, 
  0xf6, 0xf6, 0xf6, 0xff, 0xf6, 0xf6, 0xf6, 0xff, 0xf6, 0xf6, 0xf6, 0xff, 0xf6, 0xf6, 0xf6, 0xff, 
  0xf6, 0xf6, 0xf6, 0xff, 0xf6, 0xf6, 0xf6, 0xff, 0xf6, 0xf6, 0xf6, 0xff, 0xf6, 0xf6, 0xf6, 0xff, 
  0xf6, 0xf6, 0xf6, 0xff, 0xf4, 0xf4, 0xf4, 0xff, 0xf2, 0xf2, 0xf2, 0xff, 0xf2, 0xf2, 0xf2, 0xff, 
  0xef, 0xef, 0xef, 0xff, 0xef, 0xef, 0xef, 0xff, 0xf2, 0xf2, 0xf2, 0xff, 0xf0, 0xf0, 0xf0, 0xff, 
#endif
};

const lv_img_dsc_t music_img = {
  .header.cf = LV_IMG_CF_TRUE_COLOR_ALPHA,
  .header.always_zero = 0,
  .header.reserved = 0,
  .header.w = 48,
  .header.h = 48,
  .data_size = 2304 * LV_IMG_PX_SIZE_ALPHA_BYTE,
  .data = music_img_map,
};
